,country,year,lh,lhc,pop
0,Algeria,1950,0.35,0.23,3226.0
1,Algeria,1955,0.37,0.24,3485.0
2,Algeria,1960,0.34,0.22,3682.0
3,Algeria,1965,0.44,0.28,3823.0
4,Algeria,1970,0.36,0.22,4115.0
5,Algeria,1975,0.49,0.3,4755.0
6,Algeria,1980,1.0,0.61,5793.0
7,Algeria,1985,2.1,1.32,6881.0
8,Algeria,1990,3.51,2.24,8334.0
9,Algeria,1995,5.06,3.27,10048.0
10,Algeria,2000,6.47,4.24,11907.0
11,Algeria,2005,8.65,5.65,14196.0
12,Algeria,2010,10.93,7.1,16952.0
13,Algeria,2015,14.38,9.21,19379.0
14,Benin,1950,0.19,0.13,787.0
15,Benin,1955,0.23,0.15,765.0
16,Benin,1960,0.27,0.18,767.0
17,Benin,1965,0.29,0.19,821.0
18,Benin,1970,0.3,0.19,903.0
19,Benin,1975,0.3,0.19,1022.0
20,Benin,1980,0.3,0.19,1189.0
21,Benin,1985,0.74,0.49,1399.0
22,Benin,1990,1.3,0.86,1627.0
23,Benin,1995,1.64,1.09,1981.0
24,Benin,2000,2.36,1.58,2303.0
25,Benin,2005,2.45,1.63,2748.0
26,Benin,2010,3.28,2.14,3321.0
27,Benin,2015,5.14,3.24,3585.0
28,Botswana,1950,0.2,0.13,144.0
29,Botswana,1955,0.2,0.13,157.0
30,Botswana,1960,0.2,0.13,166.0
31,Botswana,1965,0.2,0.13,184.0
32,Botswana,1970,0.76,0.48,206.0
33,Botswana,1975,0.64,0.4,242.0
34,Botswana,1980,0.5,0.31,297.0
35,Botswana,1985,2.09,1.35,365.0
36,Botswana,1990,4.47,2.93,444.0
37,Botswana,1995,4.28,2.85,539.0
38,Botswana,2000,4.58,3.07,618.0
39,Botswana,2005,4.25,2.85,611.0
40,Botswana,2010,4.23,2.81,600.0
41,Botswana,2015,7.98,5.1,899.0
42,Burundi,1950,0.04,0.03,905.0
43,Burundi,1955,0.05,0.03,956.0
44,Burundi,1960,0.06,0.04,1018.0
45,Burundi,1965,0.12,0.07,1075.0
46,Burundi,1970,0.16,0.1,1141.0
47,Burundi,1975,0.27,0.17,1114.0
48,Burundi,1980,0.39,0.23,1273.0
49,Burundi,1985,0.54,0.34,1575.0
50,Burundi,1990,0.65,0.42,1852.0
51,Burundi,1995,0.6,0.4,1931.0
52,Burundi,2000,0.61,0.41,1875.0
53,Burundi,2005,0.63,0.42,2243.0
54,Burundi,2010,0.92,0.59,2884.0
55,Burundi,2015,1.41,0.84,3256.0
56,Cameroon,1950,0.07,0.05,1707.0
57,Cameroon,1955,0.08,0.05,1848.0
58,Cameroon,1960,0.13,0.08,2009.0
59,Cameroon,1965,0.17,0.1,2195.0
60,Cameroon,1970,0.24,0.15,2417.0
61,Cameroon,1975,0.31,0.19,2670.0
62,Cameroon,1980,0.32,0.2,2990.0
63,Cameroon,1985,0.39,0.26,3334.0
64,Cameroon,1990,0.58,0.38,3800.0
65,Cameroon,1995,0.99,0.63,4337.0
66,Cameroon,2000,1.43,0.92,4899.0
67,Cameroon,2005,1.86,1.2,5491.0
68,Cameroon,2010,2.69,1.73,6231.0
69,Cameroon,2015,4.65,2.93,7949.0
70,Central African Republic,1950,0.09,0.06,540.0
71,Central African Republic,1955,0.1,0.06,567.0
72,Central African Republic,1960,0.12,0.08,602.0
73,Central African Republic,1965,0.14,0.09,647.0
74,Central African Republic,1970,0.17,0.11,703.0
75,Central African Republic,1975,0.2,0.12,743.0
76,Central African Republic,1980,0.56,0.34,821.0
77,Central African Republic,1985,1.27,0.82,941.0
78,Central African Republic,1990,2.17,1.42,1025.0
79,Central African Republic,1995,2.11,1.41,1150.0
80,Central African Republic,2000,2.03,1.38,1240.0
81,Central African Republic,2005,2.03,1.37,1289.0
82,Central African Republic,2010,2.04,1.36,1385.0
83,Central African Republic,2015,2.05,1.34,1404.0
84,Congo,1950,0.11,0.06,305.0
85,Congo,1955,0.13,0.07,334.0
86,Congo,1960,0.23,0.13,368.0
87,Congo,1965,0.31,0.18,408.0
88,Congo,1970,0.72,0.39,459.0
89,Congo,1975,1.07,0.57,521.0
90,Congo,1980,2.27,1.08,592.0
91,Congo,1985,3.32,1.5,679.0
92,Congo,1990,3.57,1.61,785.0
93,Congo,1995,3.53,1.58,906.0
94,Congo,2000,3.63,1.61,1055.0
95,Congo,2005,3.03,1.35,1206.0
96,Congo,2010,2.39,1.06,1371.0
97,Congo,2015,3.09,1.34,1793.0
98,Egypt,1950,1.19,0.77,8309.0
99,Egypt,1955,1.42,0.93,9281.0
100,Egypt,1960,1.89,1.22,10277.0
101,Egypt,1965,2.22,1.42,11167.0
102,Egypt,1970,2.93,1.85,12253.0
103,Egypt,1975,3.57,2.21,13617.0
104,Egypt,1980,3.75,2.34,15457.0
105,Egypt,1985,4.91,3.18,17717.0
106,Egypt,1990,5.86,3.87,20442.0
107,Egypt,1995,7.23,4.86,23047.0
108,Egypt,2000,10.05,6.74,26146.0
109,Egypt,2005,14.13,9.35,30209.0
110,Egypt,2010,14.73,9.72,35141.0
111,Egypt,2015,17.31,11.24,40327.0
112,Gabon,1950,0.23,0.15,225.0
113,Gabon,1955,0.25,0.17,225.0
114,Gabon,1960,0.31,0.2,226.0
115,Gabon,1965,0.47,0.29,226.0
116,Gabon,1970,0.99,0.61,233.0
117,Gabon,1975,1.56,0.94,244.0
118,Gabon,1980,3.66,2.19,266.0
119,Gabon,1985,5.57,3.51,292.0
120,Gabon,1990,7.98,5.13,328.0
121,Gabon,1995,10.01,6.52,372.0
122,Gabon,2000,11.93,7.86,428.0
123,Gabon,2005,13.01,8.6,484.0
124,Gabon,2010,13.4,8.9,543.0
125,Gabon,2015,15.03,9.82,803.0
126,Gambia,1950,0.15,0.1,110.0
127,Gambia,1955,0.16,0.11,117.0
128,Gambia,1960,0.2,0.13,136.0
129,Gambia,1965,0.23,0.14,157.0
130,Gambia,1970,0.23,0.15,179.0
131,Gambia,1975,0.23,0.15,211.0
132,Gambia,1980,0.47,0.3,243.0
133,Gambia,1985,0.89,0.59,281.0
134,Gambia,1990,1.53,1.01,341.0
135,Gambia,1995,2.28,1.52,409.0
136,Gambia,2000,2.29,1.55,487.0
137,Gambia,2005,2.13,1.44,565.0
138,Gambia,2010,1.95,1.32,646.0
139,Gambia,2015,7.94,2.96,670.0
140,Ghana,1950,0.58,0.38,1744.0
141,Ghana,1955,0.66,0.43,2046.0
142,Ghana,1960,0.72,0.47,2394.0
143,Ghana,1965,0.57,0.37,2750.0
144,Ghana,1970,0.43,0.27,3024.0
145,Ghana,1975,0.69,0.43,3448.0
146,Ghana,1980,1.21,0.75,3775.0
147,Ghana,1985,1.85,1.21,4437.0
148,Ghana,1990,2.57,1.7,5140.0
149,Ghana,1995,3.31,2.21,5962.0
150,Ghana,2000,3.95,2.67,6891.0
151,Ghana,2005,3.18,2.14,7947.0
152,Ghana,2010,3.38,2.22,9245.0
153,Ghana,2015,3.62,2.35,10878.0
154,Cote dIvoire,1950,0.45,0.29,877.0
155,Cote dIvoire,1955,0.58,0.37,1046.0
156,Cote dIvoire,1960,0.71,0.46,1259.0
157,Cote dIvoire,1965,0.9,0.57,1512.0
158,Cote dIvoire,1970,1.12,0.7,1865.0
159,Cote dIvoire,1975,1.37,0.85,2271.0
160,Cote dIvoire,1980,1.82,1.12,2868.0
161,Cote dIvoire,1985,2.11,1.37,3571.0
162,Cote dIvoire,1990,2.36,1.55,4236.0
163,Cote dIvoire,1995,2.97,1.97,4846.0
164,Cote dIvoire,2000,4.74,3.13,5484.0
165,Cote dIvoire,2005,5.22,3.43,5978.0
166,Cote dIvoire,2010,5.41,3.57,6809.0
167,Cote dIvoire,2015,5.55,3.28,7919.0
168,Kenya,1950,0.3,0.2,2271.0
169,Kenya,1955,0.32,0.21,2488.0
170,Kenya,1960,0.34,0.22,2761.0
171,Kenya,1965,0.41,0.27,3023.0
172,Kenya,1970,0.54,0.35,3295.0
173,Kenya,1975,0.78,0.49,3776.0
174,Kenya,1980,1.34,0.82,4526.0
175,Kenya,1985,1.77,1.13,5493.0
176,Kenya,1990,2.48,1.59,6689.0
177,Kenya,1995,3.56,2.31,8166.0
178,Kenya,2000,4.92,3.22,9464.0
179,Kenya,2005,6.66,4.36,10779.0
180,Kenya,2010,8.7,5.69,12898.0
181,Kenya,2015,8.59,5.62,17323.0
182,Lesotho,1950,0.07,0.05,269.0
183,Lesotho,1955,0.08,0.05,281.0
184,Lesotho,1960,0.09,0.06,291.0
185,Lesotho,1965,0.08,0.05,310.0
186,Lesotho,1970,0.1,0.06,332.0
187,Lesotho,1975,0.14,0.09,364.0
188,Lesotho,1980,0.2,0.13,406.0
189,Lesotho,1985,0.53,0.34,465.0
190,Lesotho,1990,0.79,0.51,497.0
191,Lesotho,1995,1.07,0.71,522.0
192,Lesotho,2000,1.45,0.96,551.0
193,Lesotho,2005,1.78,1.18,547.0
194,Lesotho,2010,2.08,1.37,556.0
195,Lesotho,2015,1.82,1.21,849.0
196,Liberia,1950,1.0,0.72,301.0
197,Liberia,1955,1.0,0.73,331.0
198,Liberia,1960,1.0,0.77,367.0
199,Liberia,1965,1.1,0.81,408.0
200,Liberia,1970,1.28,0.94,458.0
201,Liberia,1975,1.5,1.11,519.0
202,Liberia,1980,1.62,1.18,596.0
203,Liberia,1985,2.02,1.43,686.0
204,Liberia,1990,2.64,1.79,667.0
205,Liberia,1995,3.5,2.28,667.0
206,Liberia,2000,4.36,2.73,945.0
207,Liberia,2005,5.79,3.45,1002.0
208,Liberia,2010,5.67,3.31,1145.0
209,Liberia,2015,5.04,2.88,1591.0
210,Malawi,1950,0.05,0.04,938.0
211,Malawi,1955,0.05,0.04,1029.0
212,Malawi,1960,0.05,0.04,1144.0
213,Malawi,1965,0.0,0.0,1287.0
214,Malawi,1970,0.12,0.1,1454.0
215,Malawi,1975,0.23,0.21,1687.0
216,Malawi,1980,0.29,0.23,1959.0
217,Malawi,1985,0.41,0.37,2253.0
218,Malawi,1990,0.41,0.32,3026.0
219,Malawi,1995,0.47,0.37,3244.0
220,Malawi,2000,0.52,0.41,3525.0
221,Malawi,2005,0.43,0.34,3843.0
222,Malawi,2010,0.36,0.28,4218.0
223,Malawi,2015,0.37,0.29,5300.0
224,Mali,1950,0.05,0.04,1136.0
225,Mali,1955,0.07,0.04,1297.0
226,Mali,1960,0.1,0.06,1479.0
227,Mali,1965,0.12,0.08,1642.0
228,Mali,1970,0.19,0.12,1838.0
229,Mali,1975,0.24,0.14,2065.0
230,Mali,1980,0.35,0.21,2225.0
231,Mali,1985,0.39,0.25,2406.0
232,Mali,1990,0.54,0.35,2629.0
233,Mali,1995,0.66,0.43,2927.0
234,Mali,2000,0.8,0.52,3302.0
235,Mali,2005,1.14,0.74,3888.0
236,Mali,2010,2.05,1.35,4581.0
237,Mali,2015,3.11,2.51,5302.0
238,Mauritania,1950,0.08,0.05,284.0
239,Mauritania,1955,0.11,0.07,319.0
240,Mauritania,1960,0.13,0.08,358.0
241,Mauritania,1965,0.22,0.14,404.0
242,Mauritania,1970,0.28,0.18,454.0
243,Mauritania,1975,0.53,0.32,504.0
244,Mauritania,1980,0.72,0.44,552.0
245,Mauritania,1985,1.09,0.7,613.0
246,Mauritania,1990,1.41,0.91,678.0
247,Mauritania,1995,1.63,1.07,768.0
248,Mauritania,2000,1.94,1.28,893.0
249,Mauritania,2005,2.41,1.58,1057.0
250,Mauritania,2010,2.43,1.6,1232.0
251,Mauritania,2015,2.45,1.6,1495.0
252,Mauritius,1950,0.37,0.17,163.0
253,Mauritius,1955,0.76,0.35,186.0
254,Mauritius,1960,1.25,0.41,212.0
255,Mauritius,1965,1.13,0.4,243.0
256,Mauritius,1970,1.38,0.56,280.0
257,Mauritius,1975,1.7,0.68,329.0
258,Mauritius,1980,2.44,1.02,380.0
259,Mauritius,1985,3.81,1.66,428.0
260,Mauritius,1990,2.11,0.96,487.0
261,Mauritius,1995,2.3,1.05,543.0
262,Mauritius,2000,2.87,1.31,593.0
263,Mauritius,2005,3.71,1.7,658.0
264,Mauritius,2010,5.93,2.72,709.0
265,Mauritius,2015,5.92,2.72,692.0
266,Morocco,1950,0.04,0.03,3008.0
267,Morocco,1955,0.05,0.03,3389.0
268,Morocco,1960,0.05,0.03,3877.0
269,Morocco,1965,0.19,0.1,4428.0
270,Morocco,1970,0.26,0.12,4829.0
271,Morocco,1975,0.83,0.31,5191.0
272,Morocco,1980,1.76,0.42,6374.0
273,Morocco,1985,3.23,2.02,7571.0
274,Morocco,1990,4.94,3.13,8898.0
275,Morocco,1995,6.8,4.39,10233.0
276,Morocco,2000,8.44,5.53,11900.0
277,Morocco,2005,9.3,6.14,13698.0
278,Morocco,2010,10.28,6.82,15808.0
279,Morocco,2015,11.78,7.72,16805.0
280,Mozambique,1950,0.04,0.03,2361.0
281,Mozambique,1955,0.05,0.04,2544.0
282,Mozambique,1960,0.06,0.04,2762.0
283,Mozambique,1965,0.08,0.05,3021.0
284,Mozambique,1970,0.08,0.05,3324.0
285,Mozambique,1975,0.08,0.05,3676.0
286,Mozambique,1980,0.05,0.03,4152.0
287,Mozambique,1985,0.14,0.09,4420.0
288,Mozambique,1990,0.24,0.16,4125.0
289,Mozambique,1995,0.41,0.27,5163.0
290,Mozambique,2000,0.35,0.24,5880.0
291,Mozambique,2005,0.45,0.3,6412.0
292,Mozambique,2010,0.53,0.35,6974.0
293,Mozambique,2015,2.13,1.97,8594.0
294,Niger,1950,0.09,0.06,904.0
295,Niger,1955,0.09,0.06,1024.0
296,Niger,1960,0.12,0.08,1137.0
297,Niger,1965,0.14,0.09,1270.0
298,Niger,1970,0.18,0.11,1424.0
299,Niger,1975,0.21,0.13,1608.0
300,Niger,1980,0.28,0.17,1861.0
301,Niger,1985,0.39,0.25,2151.0
302,Niger,1990,0.55,0.35,2504.0
303,Niger,1995,0.7,0.46,2949.0
304,Niger,2000,0.89,0.58,3490.0
305,Niger,2005,1.05,0.68,4140.0
306,Niger,2010,1.16,0.76,4906.0
307,Niger,2015,1.83,1.1,5687.0
308,Rwanda,1950,0.11,0.06,693.0
309,Rwanda,1955,0.11,0.06,796.0
310,Rwanda,1960,0.11,0.06,917.0
311,Rwanda,1965,0.15,0.08,1005.0
312,Rwanda,1970,0.19,0.09,1167.0
313,Rwanda,1975,0.26,0.12,1340.0
314,Rwanda,1980,0.32,0.13,1539.0
315,Rwanda,1985,0.33,0.15,1785.0
316,Rwanda,1990,0.36,0.16,2067.0
317,Rwanda,1995,0.42,0.19,1586.0
318,Rwanda,2000,0.52,0.24,2339.0
319,Rwanda,2005,0.91,0.38,2733.0
320,Rwanda,2010,1.51,0.6,3295.0
321,Rwanda,2015,3.53,2.34,4200.0
322,Senegal,1950,0.13,0.08,993.0
323,Senegal,1955,0.17,0.11,1104.0
324,Senegal,1960,0.23,0.14,1235.0
325,Senegal,1965,0.31,0.2,1383.0
326,Senegal,1970,0.53,0.33,1557.0
327,Senegal,1975,0.83,0.5,1735.0
328,Senegal,1980,1.12,0.68,1910.0
329,Senegal,1985,1.45,0.93,2149.0
330,Senegal,1990,1.55,1.01,2481.0
331,Senegal,1995,1.56,1.03,2847.0
332,Senegal,2000,1.36,0.91,3278.0
333,Senegal,2005,0.84,0.57,3833.0
334,Senegal,2010,3.32,2.17,4548.0
335,Senegal,2015,4.25,2.86,4910.0
336,Sierra Leone,1950,0.2,0.15,756.0
337,Sierra Leone,1955,0.23,0.17,816.0
338,Sierra Leone,1960,0.27,0.2,879.0
339,Sierra Leone,1965,0.31,0.24,948.0
340,Sierra Leone,1970,0.3,0.21,1030.0
341,Sierra Leone,1975,0.31,0.22,1116.0
342,Sierra Leone,1980,0.35,0.24,1211.0
343,Sierra Leone,1985,0.38,0.27,1327.0
344,Sierra Leone,1990,0.63,0.45,1492.0
345,Sierra Leone,1995,0.76,0.54,1506.0
346,Sierra Leone,2000,0.89,0.64,1608.0
347,Sierra Leone,2005,1.1,0.79,1925.0
348,Sierra Leone,2010,1.41,1.01,2110.0
349,Sierra Leone,2015,1.42,1.02,2501.0
350,South Africa,1950,2.98,0.38,5390.0
351,South Africa,1955,3.24,0.4,5885.0
352,South Africa,1960,3.17,0.39,6485.0
353,South Africa,1965,3.57,0.43,7194.0
354,South Africa,1970,3.79,0.46,8029.0
355,South Africa,1975,2.57,0.31,9069.0
356,South Africa,1980,1.39,0.15,10385.0
357,South Africa,1985,2.39,0.23,12073.0
358,South Africa,1990,5.36,0.47,13959.0
359,South Africa,1995,9.38,0.76,17062.0
360,South Africa,2000,9.35,0.7,19437.0
361,South Africa,2005,7.86,0.57,20331.0
362,South Africa,2010,6.29,0.44,20418.0
363,South Africa,2015,8.0,6.48,26365.0
364,Sudan,1950,0.22,0.15,3135.0
365,Sudan,1955,0.27,0.18,3489.0
366,Sudan,1960,0.38,0.24,3915.0
367,Sudan,1965,0.48,0.3,4408.0
368,Sudan,1970,0.62,0.38,4987.0
369,Sudan,1975,0.75,0.46,5763.0
370,Sudan,1980,0.83,0.51,6683.0
371,Sudan,1985,0.8,0.52,7813.0
372,Sudan,1990,0.74,0.49,8834.0
373,Sudan,1995,0.9,0.6,10182.0
374,Sudan,2000,1.25,0.81,11775.0
375,Sudan,2005,1.97,1.26,13439.0
376,Sudan,2010,2.98,1.9,15529.0
377,Sudan,2015,6.3,3.95,13609.0
378,Swaziland,1950,0.39,0.29,97.0
379,Swaziland,1955,0.43,0.32,106.0
380,Swaziland,1960,0.43,0.32,116.0
381,Swaziland,1965,0.44,0.33,126.0
382,Swaziland,1970,0.98,0.82,139.0
383,Swaziland,1975,1.88,1.61,158.0
384,Swaziland,1980,2.51,2.11,179.0
385,Swaziland,1985,3.43,2.86,212.0
386,Swaziland,1990,2.91,2.41,260.0
387,Swaziland,1995,2.15,1.77,293.0
388,Swaziland,2000,1.33,1.08,315.0
389,Swaziland,2005,0.03,0.02,302.0
390,Swaziland,2010,1.43,1.16,296.0
391,Swaziland,2015,1.84,1.49,386.0
392,United Republic of Tanzania,1950,0.07,0.05,2495.0
393,United Republic of Tanzania,1955,0.08,0.05,2859.0
394,United Republic of Tanzania,1960,0.08,0.05,3288.0
395,United Republic of Tanzania,1965,0.16,0.1,3805.0
396,United Republic of Tanzania,1970,0.22,0.13,4427.0
397,United Republic of Tanzania,1975,0.36,0.22,5229.0
398,United Republic of Tanzania,1980,0.48,0.29,6080.0
399,United Republic of Tanzania,1985,0.63,0.41,7166.0
400,United Republic of Tanzania,1990,0.76,0.49,8461.0
401,United Republic of Tanzania,1995,0.87,0.57,10028.0
402,United Republic of Tanzania,2000,1.02,0.68,11244.0
403,United Republic of Tanzania,2005,0.89,0.6,12527.0
404,United Republic of Tanzania,2010,0.85,0.57,14167.0
405,United Republic of Tanzania,2015,2.03,1.29,17170.0
406,Togo,1950,0.09,0.06,480.0
407,Togo,1955,0.12,0.08,508.0
408,Togo,1960,0.14,0.09,545.0
409,Togo,1965,0.15,0.1,585.0
410,Togo,1970,0.17,0.11,715.0
411,Togo,1975,0.75,0.47,798.0
412,Togo,1980,1.61,1.0,889.0
413,Togo,1985,1.76,1.15,1062.0
414,Togo,1990,1.89,1.25,1250.0
415,Togo,1995,2.03,1.35,1432.0
416,Togo,2000,2.14,1.44,1721.0
417,Togo,2005,2.44,1.62,2010.0
418,Togo,2010,3.07,2.0,2370.0
419,Togo,2015,3.87,2.47,2627.0
420,Tunisia,1950,0.52,0.34,1316.0
421,Tunisia,1955,0.59,0.38,1434.0
422,Tunisia,1960,0.69,0.44,1530.0
423,Tunisia,1965,0.76,0.49,1632.0
424,Tunisia,1970,1.03,0.64,1661.0
425,Tunisia,1975,1.34,0.82,1856.0
426,Tunisia,1980,2.11,1.28,2142.0
427,Tunisia,1985,3.2,2.05,2573.0
428,Tunisia,1990,4.08,2.65,3073.0
429,Tunisia,1995,5.63,3.7,3602.0
430,Tunisia,2000,6.64,4.41,4128.0
431,Tunisia,2005,9.42,6.18,4752.0
432,Tunisia,2010,14.13,9.19,5463.0
433,Tunisia,2015,16.08,10.41,5928.0
434,Uganda,1950,0.02,0.01,1677.0
435,Uganda,1955,0.02,0.01,1908.0
436,Uganda,1960,0.0,0.0,2187.0
437,Uganda,1965,0.08,0.05,2500.0
438,Uganda,1970,0.14,0.09,2915.0
439,Uganda,1975,0.21,0.13,3322.0
440,Uganda,1980,0.32,0.2,3821.0
441,Uganda,1985,0.43,0.28,4419.0
442,Uganda,1990,0.56,0.37,5179.0
443,Uganda,1995,2.38,1.57,5823.0
444,Uganda,2000,5.1,3.37,6524.0
445,Uganda,2005,3.55,2.35,7705.0
446,Uganda,2010,3.01,1.97,9336.0
447,Uganda,2015,8.52,1.69,11325.0
448,Democratic Republic of the Congo,1950,0.02,0.01,4107.0
449,Democratic Republic of the Congo,1955,0.0,0.0,4617.0
450,Democratic Republic of the Congo,1960,0.05,0.03,5236.0
451,Democratic Republic of the Congo,1965,0.05,0.03,5957.0
452,Democratic Republic of the Congo,1970,0.07,0.04,6879.0
453,Democratic Republic of the Congo,1975,0.18,0.11,7897.0
454,Democratic Republic of the Congo,1980,0.41,0.24,9052.0
455,Democratic Republic of the Congo,1985,0.59,0.37,10278.0
456,Democratic Republic of the Congo,1990,0.81,0.52,11828.0
457,Democratic Republic of the Congo,1995,1.11,0.72,13833.0
458,Democratic Republic of the Congo,2000,1.45,0.94,15193.0
459,Democratic Republic of the Congo,2005,1.54,1.01,17325.0
460,Democratic Republic of the Congo,2010,2.23,1.44,20099.0
461,Democratic Republic of the Congo,2015,9.93,6.47,24209.0
462,Zambia,1950,0.17,0.11,810.0
463,Zambia,1955,0.25,0.16,917.0
464,Zambia,1960,0.31,0.2,1048.0
465,Zambia,1965,0.41,0.26,1200.0
466,Zambia,1970,0.49,0.31,1380.0
467,Zambia,1975,0.45,0.28,1607.0
468,Zambia,1980,0.44,0.27,1862.0
469,Zambia,1985,0.38,0.25,2211.0
470,Zambia,1990,0.37,0.25,2577.0
471,Zambia,1995,2.52,1.69,2878.0
472,Zambia,2000,2.27,1.55,3195.0
473,Zambia,2005,1.91,1.3,3406.0
474,Zambia,2010,1.48,1.01,3717.0
475,Zambia,2015,2.16,1.4,4982.0
476,Zimbabwe,1950,0.77,0.49,983.0
477,Zimbabwe,1955,1.08,0.69,1110.0
478,Zimbabwe,1960,1.51,0.96,1251.0
479,Zimbabwe,1965,1.98,1.25,1413.0
480,Zimbabwe,1970,2.38,1.5,1606.0
481,Zimbabwe,1975,2.97,1.84,1799.0
482,Zimbabwe,1980,3.47,2.14,2083.0
483,Zimbabwe,1985,4.53,2.92,2599.0
484,Zimbabwe,1990,5.35,3.47,3242.0
485,Zimbabwe,1995,3.5,2.32,3692.0
486,Zimbabwe,2000,1.67,1.12,3914.0
487,Zimbabwe,2005,1.36,0.92,4050.0
488,Zimbabwe,2010,1.1,0.75,4407.0
489,Zimbabwe,2015,11.95,4.47,4715.0
490,Barbados,1950,0.75,0.5,92.0
491,Barbados,1955,0.92,0.6,93.0
492,Barbados,1960,1.05,0.68,93.0
493,Barbados,1965,1.22,0.79,88.0
494,Barbados,1970,1.41,0.9,84.0
495,Barbados,1975,2.4,1.52,92.0
496,Barbados,1980,3.94,2.47,95.0
497,Barbados,1985,4.36,2.83,102.0
498,Barbados,1990,4.18,2.71,115.0
499,Barbados,1995,3.02,1.99,127.0
500,Barbados,2000,1.08,0.72,142.0
501,Barbados,2005,1.13,0.76,150.0
502,Barbados,2010,2.35,1.51,160.0
503,Barbados,2015,6.37,3.95,153.0
504,Canada,1950,9.33,5.39,6418.0
505,Canada,1955,11.7,6.84,7202.0
506,Canada,1960,13.95,8.27,7952.0
507,Canada,1965,14.66,8.83,8446.0
508,Canada,1970,17.48,10.77,9414.0
509,Canada,1975,22.67,14.21,10589.0
510,Canada,1980,28.02,17.88,11794.0
511,Canada,1985,21.39,10.48,13173.0
512,Canada,1990,23.74,12.51,14785.0
513,Canada,1995,26.81,14.76,15831.0
514,Canada,2000,30.31,17.66,16833.0
515,Canada,2005,48.53,28.42,18009.0
516,Canada,2010,52.24,30.76,19006.0
517,Canada,2015,54.19,32.14,19834.0
518,Costa Rica,1950,1.78,1.53,382.0
519,Costa Rica,1955,2.0,1.72,418.0
520,Costa Rica,1960,2.48,2.11,461.0
521,Costa Rica,1965,3.11,2.63,511.0
522,Costa Rica,1970,3.13,2.57,575.0
523,Costa Rica,1975,6.13,4.87,668.0
524,Costa Rica,1980,7.44,6.1,814.0
525,Costa Rica,1985,10.15,8.6,1006.0
526,Costa Rica,1990,12.35,10.84,1238.0
527,Costa Rica,1995,14.22,12.9,1474.0
528,Costa Rica,2000,15.72,14.67,1717.0
529,Costa Rica,2005,19.37,18.04,1992.0
530,Costa Rica,2010,20.79,19.33,2281.0
531,Costa Rica,2015,23.19,16.83,2533.0
532,Dominican Rep.,1950,0.8,0.4,757.0
533,Dominican Rep.,1955,0.8,0.4,889.0
534,Dominican Rep.,1960,0.8,0.4,1051.0
535,Dominican Rep.,1965,1.26,0.41,1229.0
536,Dominican Rep.,1970,1.99,0.6,1434.0
537,Dominican Rep.,1975,2.32,0.66,1667.0
538,Dominican Rep.,1980,3.46,0.94,1923.0
539,Dominican Rep.,1985,5.3,1.39,2313.0
540,Dominican Rep.,1990,7.75,2.01,2727.0
541,Dominican Rep.,1995,11.11,2.86,3163.0
542,Dominican Rep.,2000,13.86,3.56,3597.0
543,Dominican Rep.,2005,16.73,4.3,4022.0
544,Dominican Rep.,2010,16.35,4.2,4453.0
545,Dominican Rep.,2015,24.04,20.24,4721.0
546,El Salvador,1950,0.45,0.31,671.0
547,El Salvador,1955,0.48,0.28,756.0
548,El Salvador,1960,0.5,0.29,862.0
549,El Salvador,1965,1.07,0.62,976.0
550,El Salvador,1970,1.98,1.13,1141.0
551,El Salvador,1975,2.63,1.67,1316.0
552,El Salvador,1980,3.99,2.75,1475.0
553,El Salvador,1985,5.31,3.76,1588.0
554,El Salvador,1990,6.98,5.03,1746.0
555,El Salvador,1995,8.2,6.02,2015.0
556,El Salvador,2000,10.12,7.53,2396.0
557,El Salvador,2005,12.19,9.14,2854.0
558,El Salvador,2010,7.32,5.51,3257.0
559,El Salvador,2015,9.16,7.8,2742.0
560,Guatemala,1950,0.44,0.34,1033.0
561,Guatemala,1955,0.46,0.35,1193.0
562,Guatemala,1960,0.58,0.43,1378.0
563,Guatemala,1965,0.76,0.59,1564.0
564,Guatemala,1970,0.9,0.7,1768.0
565,Guatemala,1975,1.24,0.96,2044.0
566,Guatemala,1980,2.33,1.93,2302.0
567,Guatemala,1985,2.59,2.11,2555.0
568,Guatemala,1990,2.93,2.38,2830.0
569,Guatemala,1995,3.39,2.73,3140.0
570,Guatemala,2000,3.92,3.14,3522.0
571,Guatemala,2005,3.57,2.85,4059.0
572,Guatemala,2010,0.02,0.02,4767.0
573,Guatemala,2015,3.16,2.62,6166.0
574,Haiti,1950,0.2,0.16,1328.0
575,Haiti,1955,0.22,0.17,1381.0
576,Haiti,1960,0.25,0.2,1449.0
577,Haiti,1965,0.28,0.22,1526.0
578,Haiti,1970,0.3,0.27,1626.0
579,Haiti,1975,0.46,0.33,1737.0
580,Haiti,1980,0.67,0.52,1883.0
581,Haiti,1985,0.8,0.57,2069.0
582,Haiti,1990,0.81,0.6,2276.0
583,Haiti,1995,0.87,0.67,2443.0
584,Haiti,2000,0.92,0.72,2653.0
585,Haiti,2005,0.97,0.78,2983.0
586,Haiti,2010,1.03,0.83,3438.0
587,Haiti,2015,1.08,0.87,4384.0
588,Honduras,1950,0.6,0.4,454.0
589,Honduras,1955,0.6,0.4,521.0
590,Honduras,1960,0.6,0.39,613.0
591,Honduras,1965,0.61,0.39,717.0
592,Honduras,1970,0.8,0.51,800.0
593,Honduras,1975,1.09,0.68,904.0
594,Honduras,1980,2.04,1.26,1079.0
595,Honduras,1985,3.66,2.37,1283.0
596,Honduras,1990,3.97,2.6,1539.0
597,Honduras,1995,4.41,2.92,1843.0
598,Honduras,2000,5.02,3.33,2186.0
599,Honduras,2005,5.54,3.67,2590.0
600,Honduras,2010,5.53,3.68,3072.0
601,Honduras,2015,10.22,9.94,3711.0
602,Jamaica,1950,0.4,0.27,582.0
603,Jamaica,1955,0.43,0.28,625.0
604,Jamaica,1960,0.45,0.29,609.0
605,Jamaica,1965,0.72,0.47,602.0
606,Jamaica,1970,1.24,0.8,596.0
607,Jamaica,1975,1.64,1.03,610.0
608,Jamaica,1980,2.33,1.46,687.0
609,Jamaica,1985,2.72,1.8,776.0
610,Jamaica,1990,3.69,2.45,879.0
611,Jamaica,1995,7.84,5.2,980.0
612,Jamaica,2000,13.95,9.3,1070.0
613,Jamaica,2005,14.82,9.9,1120.0
614,Jamaica,2010,16.02,10.69,1182.0
615,Jamaica,2015,18.0,11.79,1394.0
616,Mexico,1950,1.39,1.13,9857.0
617,Mexico,1955,1.4,1.14,10775.0
618,Mexico,1960,1.34,1.09,12001.0
619,Mexico,1965,1.7,1.38,13517.0
620,Mexico,1970,2.44,1.86,15502.0
621,Mexico,1975,3.83,2.79,17917.0
622,Mexico,1980,5.76,4.27,21113.0
623,Mexico,1985,7.07,5.21,25039.0
624,Mexico,1990,8.47,5.99,29441.0
625,Mexico,1995,10.9,8.17,34836.0
626,Mexico,2000,13.11,10.03,41444.0
627,Mexico,2005,16.51,12.39,47856.0
628,Mexico,2010,19.3,14.14,53577.0
629,Mexico,2015,16.47,15.97,58017.0
630,Nicaragua,1950,0.52,0.43,397.0
631,Nicaragua,1955,1.0,0.88,449.0
632,Nicaragua,1960,1.78,1.66,511.0
633,Nicaragua,1965,2.85,2.67,584.0
634,Nicaragua,1970,4.56,4.35,667.0
635,Nicaragua,1975,5.55,5.37,772.0
636,Nicaragua,1980,7.05,6.88,912.0
637,Nicaragua,1985,9.22,9.05,1060.0
638,Nicaragua,1990,9.98,9.83,1207.0
639,Nicaragua,1995,10.35,10.2,1404.0
640,Nicaragua,2000,10.7,10.55,1637.0
641,Nicaragua,2005,10.95,10.77,1954.0
642,Nicaragua,2010,11.84,11.63,2365.0
643,Nicaragua,2015,12.48,12.25,2770.0
644,Panama,1950,1.74,1.3,326.0
645,Panama,1955,2.05,1.48,358.0
646,Panama,1960,2.72,1.9,392.0
647,Panama,1965,3.31,2.23,437.0
648,Panama,1970,4.53,2.99,500.0
649,Panama,1975,5.99,3.75,579.0
650,Panama,1980,9.01,5.25,678.0
651,Panama,1985,11.63,6.87,794.0
652,Panama,1990,15.21,8.82,937.0
653,Panama,1995,17.93,11.74,1113.0
654,Panama,2000,22.27,16.09,1302.0
655,Panama,2005,23.63,16.78,1479.0
656,Panama,2010,26.17,18.31,1649.0
657,Panama,2015,26.39,18.3,1897.0
658,Trinidad and Tobago,1950,0.65,0.46,250.0
659,Trinidad and Tobago,1955,0.84,0.62,272.0
660,Trinidad and Tobago,1960,1.0,0.76,300.0
661,Trinidad and Tobago,1965,1.17,0.91,315.0
662,Trinidad and Tobago,1970,1.3,1.03,326.0
663,Trinidad and Tobago,1975,1.99,1.59,359.0
664,Trinidad and Tobago,1980,3.16,2.52,402.0
665,Trinidad and Tobago,1985,3.34,2.66,469.0
666,Trinidad and Tobago,1990,3.84,3.05,513.0
667,Trinidad and Tobago,1995,4.57,3.61,561.0
668,Trinidad and Tobago,2000,5.79,4.57,610.0
669,Trinidad and Tobago,2005,7.37,5.79,659.0
670,Trinidad and Tobago,2010,10.17,7.97,717.0
671,Trinidad and Tobago,2015,11.0,8.62,769.0
672,USA,1950,14.48,8.04,78707.0
673,USA,1955,16.0,9.08,83205.0
674,USA,1960,17.87,10.31,86360.0
675,USA,1965,20.28,12.02,88737.0
676,USA,1970,23.26,13.96,93358.0
677,USA,1975,29.67,17.79,100603.0
678,USA,1980,35.78,21.71,110163.0
679,USA,1985,42.76,24.93,121402.0
680,USA,1990,50.15,28.01,131373.0
681,USA,1995,50.74,27.23,139883.0
682,USA,2000,56.03,29.05,148669.0
683,USA,2005,56.57,29.97,157098.0
684,USA,2010,60.31,32.67,164990.0
685,USA,2015,61.48,34.13,167709.0
686,Argentina,1950,1.26,0.98,8046.0
687,Argentina,1955,2.01,1.57,8956.0
688,Argentina,1960,3.0,2.26,9758.0
689,Argentina,1965,3.56,2.55,10461.0
690,Argentina,1970,4.34,3.04,11140.0
691,Argentina,1975,5.85,3.89,11980.0
692,Argentina,1980,7.73,4.63,12710.0
693,Argentina,1985,10.35,5.39,13545.0
694,Argentina,1990,13.55,6.07,14385.0
695,Argentina,1995,14.26,5.31,15253.0
696,Argentina,2000,12.39,4.09,16360.0
697,Argentina,2005,13.67,3.48,17955.0
698,Argentina,2010,26.72,5.05,19417.0
699,Argentina,2015,19.44,2.84,20570.0
700,Bolivia,1950,1.95,1.23,971.0
701,Bolivia,1955,2.39,1.5,1081.0
702,Bolivia,1960,2.98,1.87,1193.0
703,Bolivia,1965,3.44,2.15,1322.0
704,Bolivia,1970,4.53,2.69,1460.0
705,Bolivia,1975,5.49,3.16,1636.0
706,Bolivia,1980,7.02,3.97,1855.0
707,Bolivia,1985,9.11,5.08,2101.0
708,Bolivia,1990,11.49,6.34,2375.0
709,Bolivia,1995,12.79,7.0,2684.0
710,Bolivia,2000,15.3,8.31,3075.0
711,Bolivia,2005,18.49,9.99,3488.0
712,Bolivia,2010,24.47,13.22,3958.0
713,Bolivia,2015,25.68,21.46,4525.0
714,Brazil,1950,0.91,0.73,19517.0
715,Brazil,1955,0.98,0.85,22742.0
716,Brazil,1960,1.19,1.06,25708.0
717,Brazil,1965,1.58,1.35,29325.0
718,Brazil,1970,2.05,1.73,33266.0
719,Brazil,1975,4.3,3.45,38338.0
720,Brazil,1980,5.34,3.94,44766.0
721,Brazil,1985,5.82,4.22,52379.0
722,Brazil,1990,6.25,4.48,61226.0
723,Brazil,1995,6.98,4.96,69600.0
724,Brazil,2000,7.83,5.52,78276.0
725,Brazil,2005,8.69,6.1,87717.0
726,Brazil,2010,12.13,8.46,98118.0
727,Brazil,2015,14.35,10.02,107917.0
728,Chile,1950,2.44,2.06,2487.0
729,Chile,1955,2.32,1.74,2708.0
730,Chile,1960,2.1,1.57,2936.0
731,Chile,1965,2.76,2.05,3182.0
732,Chile,1970,3.97,2.9,3528.0
733,Chile,1975,5.38,3.16,3910.0
734,Chile,1980,7.75,3.45,4420.0
735,Chile,1985,9.97,5.54,5126.0
736,Chile,1990,12.31,7.58,5962.0
737,Chile,1995,16.38,8.55,6772.0
738,Chile,2000,22.34,10.11,7520.0
739,Chile,2005,21.92,9.81,8138.0
740,Chile,2010,20.6,9.09,8788.0
741,Chile,2015,22.84,14.85,9558.0
742,Colombia,1950,0.93,0.72,4490.0
743,Colombia,1955,1.0,0.81,5023.0
744,Colombia,1960,1.17,0.99,5599.0
745,Colombia,1965,1.54,1.3,6229.0
746,Colombia,1970,2.03,1.71,7022.0
747,Colombia,1975,2.96,2.5,8146.0
748,Colombia,1980,4.2,3.57,9613.0
749,Colombia,1985,6.26,5.37,11409.0
750,Colombia,1990,8.73,7.52,13591.0
751,Colombia,1995,11.28,9.74,16007.0
752,Colombia,2000,11.19,9.68,18298.0
753,Colombia,2005,11.01,9.53,20788.0
754,Colombia,2010,22.02,19.04,23217.0
755,Colombia,2015,21.63,18.64,23645.0
756,Ecuador,1950,0.88,0.59,1268.0
757,Ecuador,1955,1.09,0.73,1376.0
758,Ecuador,1960,1.39,0.91,1528.0
759,Ecuador,1965,1.68,1.08,1723.0
760,Ecuador,1970,2.39,1.43,1952.0
761,Ecuador,1975,3.4,1.95,2240.0
762,Ecuador,1980,8.18,4.95,2654.0
763,Ecuador,1985,10.4,6.43,3153.0
764,Ecuador,1990,13.76,8.46,3747.0
765,Ecuador,1995,15.16,9.4,4404.0
766,Ecuador,2000,16.85,10.39,4984.0
767,Ecuador,2005,14.77,8.86,5606.0
768,Ecuador,2010,13.22,7.7,6308.0
769,Ecuador,2015,14.95,13.35,7440.0
770,Guyana,1950,0.47,0.3,154.0
771,Guyana,1955,0.66,0.43,169.0
772,Guyana,1960,0.81,0.52,186.0
773,Guyana,1965,0.92,0.59,204.0
774,Guyana,1970,1.02,0.65,209.0
775,Guyana,1975,1.34,0.84,227.0
776,Guyana,1980,1.98,1.23,245.0
777,Guyana,1985,1.8,1.18,257.0
778,Guyana,1990,1.47,0.97,267.0
779,Guyana,1995,1.07,0.7,288.0
780,Guyana,2000,0.15,0.1,317.0
781,Guyana,2005,0.17,0.11,347.0
782,Guyana,2010,0.29,0.19,374.0
783,Guyana,2015,0.72,0.45,339.0
784,Paraguay,1950,0.84,0.62,562.0
785,Paraguay,1955,0.99,0.75,581.0
786,Paraguay,1960,1.2,0.95,600.0
787,Paraguay,1965,1.52,1.21,647.0
788,Paraguay,1970,2.16,1.72,713.0
789,Paraguay,1975,2.51,1.93,800.0
790,Paraguay,1980,3.7,2.72,1007.0
791,Paraguay,1985,5.6,3.68,1209.0
792,Paraguay,1990,8.17,4.71,1474.0
793,Paraguay,1995,8.01,5.07,1742.0
794,Paraguay,2000,8.29,5.62,2031.0
795,Paraguay,2005,4.45,2.8,2355.0
796,Paraguay,2010,11.52,7.1,2769.0
797,Paraguay,2015,15.24,13.54,2909.0
798,Peru,1950,2.08,1.73,2762.0
799,Peru,1955,2.4,2.0,3082.0
800,Peru,1960,2.68,2.23,3478.0
801,Peru,1965,3.36,2.77,3935.0
802,Peru,1970,4.91,4.01,4466.0
803,Peru,1975,7.25,5.9,5132.0
804,Peru,1980,10.96,8.88,5971.0
805,Peru,1985,12.34,9.97,6984.0
806,Peru,1990,16.41,13.14,8160.0
807,Peru,1995,22.43,17.77,9314.0
808,Peru,2000,27.34,21.5,10615.0
809,Peru,2005,35.49,27.62,12085.0
810,Peru,2010,22.52,17.39,13611.0
811,Peru,2015,21.24,16.26,14235.0
812,Uruguay,1950,4.03,1.19,1036.0
813,Uruguay,1955,4.31,1.32,1125.0
814,Uruguay,1960,4.74,1.39,1220.0
815,Uruguay,1965,5.1,1.46,1291.0
816,Uruguay,1970,5.74,1.98,1336.0
817,Uruguay,1975,6.77,2.72,1332.0
818,Uruguay,1980,7.74,3.52,1356.0
819,Uruguay,1985,8.97,4.5,1408.0
820,Uruguay,1990,11.02,5.83,1451.0
821,Uruguay,1995,13.48,7.44,1486.0
822,Uruguay,2000,12.61,6.83,1553.0
823,Uruguay,2005,10.73,5.72,1648.0
824,Uruguay,2010,10.36,5.39,1721.0
825,Uruguay,2015,13.62,11.97,1679.0
826,Venezuela,1950,1.42,0.37,1828.0
827,Venezuela,1955,1.4,0.73,2203.0
828,Venezuela,1960,1.54,0.81,2597.0
829,Venezuela,1965,1.97,1.04,2984.0
830,Venezuela,1970,2.8,1.49,3462.0
831,Venezuela,1975,4.54,2.29,4254.0
832,Venezuela,1980,7.53,3.66,5295.0
833,Venezuela,1985,9.83,3.64,6361.0
834,Venezuela,1990,12.96,3.55,7653.0
835,Venezuela,1995,13.42,3.64,8980.0
836,Venezuela,2000,14.5,3.89,10326.0
837,Venezuela,2005,15.45,4.11,11869.0
838,Venezuela,2010,17.14,4.53,13461.0
839,Venezuela,2015,32.38,23.75,14315.0
840,Afghanistan,1950,0.34,0.22,2913.0
841,Afghanistan,1955,0.49,0.31,3217.0
842,Afghanistan,1960,0.62,0.39,3570.0
843,Afghanistan,1965,0.92,0.58,3974.0
844,Afghanistan,1970,1.17,0.73,4442.0
845,Afghanistan,1975,2.47,1.49,4983.0
846,Afghanistan,1980,3.56,2.14,5188.0
847,Afghanistan,1985,4.84,3.11,4653.0
848,Afghanistan,1990,5.99,3.89,4791.0
849,Afghanistan,1995,7.02,4.61,6652.0
850,Afghanistan,2000,7.92,5.25,7522.0
851,Afghanistan,2005,8.48,5.62,9438.0
852,Afghanistan,2010,8.81,5.86,11334.0
853,Afghanistan,2015,9.53,6.21,10839.0
854,Bahrain,1950,2.09,1.8,41.0
855,Bahrain,1955,2.35,1.97,48.0
856,Bahrain,1960,2.54,2.1,56.0
857,Bahrain,1965,2.74,2.19,58.0
858,Bahrain,1970,4.12,3.01,72.0
859,Bahrain,1975,5.78,3.4,86.0
860,Bahrain,1980,9.19,4.34,146.0
861,Bahrain,1985,12.83,7.86,206.0
862,Bahrain,1990,16.0,11.81,246.0
863,Bahrain,1995,14.2,12.14,298.0
864,Bahrain,2000,13.78,13.23,352.0
865,Bahrain,2005,11.05,10.57,399.0
866,Bahrain,2010,9.53,9.07,444.0
867,Bahrain,2015,24.5,14.52,872.0
868,Bangladesh,1950,0.3,0.2,16966.0
869,Bangladesh,1955,0.3,0.2,17870.0
870,Bangladesh,1960,0.3,0.2,19030.0
871,Bangladesh,1965,0.39,0.25,20400.0
872,Bangladesh,1970,0.6,0.38,22196.0
873,Bangladesh,1975,0.93,0.57,24027.0
874,Bangladesh,1980,1.4,0.86,27337.0
875,Bangladesh,1985,1.81,1.18,31663.0
876,Bangladesh,1990,2.53,1.66,37004.0
877,Bangladesh,1995,3.45,2.28,43104.0
878,Bangladesh,2000,4.5,2.99,50017.0
879,Bangladesh,2005,4.59,3.05,57652.0
880,Bangladesh,2010,4.73,3.15,66617.0
881,Bangladesh,2015,9.08,8.82,72182.0
882,Myanmar,1950,0.37,0.25,7306.0
883,Myanmar,1955,0.37,0.25,7835.0
884,Myanmar,1960,0.34,0.22,8352.0
885,Myanmar,1965,0.33,0.21,8913.0
886,Myanmar,1970,0.3,0.19,9707.0
887,Myanmar,1975,0.18,0.11,10815.0
888,Myanmar,1980,0.89,0.55,12198.0
889,Myanmar,1985,2.24,1.44,13745.0
890,Myanmar,1990,4.66,3.04,15488.0
891,Myanmar,1995,4.85,3.22,17635.0
892,Myanmar,2000,5.07,3.41,20319.0
893,Myanmar,2005,6.07,4.02,23197.0
894,Myanmar,2010,8.11,5.29,25865.0
895,Myanmar,2015,8.05,5.24,25730.0
896,China,1950,0.23,0.15,242524.0
897,China,1955,0.44,0.28,250026.0
898,China,1960,0.64,0.41,264272.0
899,China,1965,0.89,0.56,283133.0
900,China,1970,1.11,0.7,306626.0
901,China,1975,1.12,0.71,343082.0
902,China,1980,1.11,0.71,401770.0
903,China,1985,1.51,1.0,452765.0
904,China,1990,2.2,1.46,519763.0
905,China,1995,3.12,2.06,601859.0
906,China,2000,4.64,3.07,672123.0
907,China,2005,4.23,2.8,716707.0
908,China,2010,3.91,2.56,759886.0
909,China,2015,5.31,3.42,835303.0
910,"China, Hong Kong Special Administrative Region",1950,4.22,3.62,878.0
911,"China, Hong Kong Special Administrative Region",1955,4.33,2.9,1140.0
912,"China, Hong Kong Special Administrative Region",1960,4.77,3.16,1376.0
913,"China, Hong Kong Special Administrative Region",1965,5.09,3.35,1498.0
914,"China, Hong Kong Special Administrative Region",1970,3.23,2.09,1550.0
915,"China, Hong Kong Special Administrative Region",1975,3.98,2.43,1859.0
916,"China, Hong Kong Special Administrative Region",1980,7.78,4.46,2287.0
917,"China, Hong Kong Special Administrative Region",1985,8.32,5.15,2720.0
918,"China, Hong Kong Special Administrative Region",1990,11.85,7.95,3098.0
919,"China, Hong Kong Special Administrative Region",1995,13.77,10.11,3487.0
920,"China, Hong Kong Special Administrative Region",2000,16.77,13.46,3871.0
921,"China, Hong Kong Special Administrative Region",2005,25.07,21.75,4265.0
922,"China, Hong Kong Special Administrative Region",2010,19.52,16.81,4659.0
923,"China, Hong Kong Special Administrative Region",2015,34.16,29.02,4489.0
924,India,1950,0.73,0.49,137156.0
925,India,1955,0.78,0.51,152472.0
926,India,1960,0.57,0.37,170679.0
927,India,1965,0.99,0.63,189713.0
928,India,1970,1.16,0.73,209911.0
929,India,1975,1.72,1.07,232901.0
930,India,1980,2.7,1.66,261769.0
931,India,1985,3.47,2.26,296411.0
932,India,1990,4.58,3.0,336987.0
933,India,1995,6.19,4.1,382405.0
934,India,2000,8.68,5.76,431520.0
935,India,2005,9.1,6.07,480198.0
936,India,2010,9.65,6.44,537368.0
937,India,2015,11.19,7.3,621621.0
938,Indonesia,1950,0.05,0.03,29292.0
939,Indonesia,1955,0.09,0.05,32119.0
940,Indonesia,1960,0.11,0.06,35798.0
941,Indonesia,1965,0.25,0.14,40135.0
942,Indonesia,1970,0.48,0.27,44459.0
943,Indonesia,1975,0.63,0.35,48694.0
944,Indonesia,1980,0.89,0.39,54618.0
945,Indonesia,1985,1.37,0.89,62856.0
946,Indonesia,1990,2.48,1.61,71955.0
947,Indonesia,1995,2.55,1.7,82655.0
948,Indonesia,2000,2.93,1.97,93617.0
949,Indonesia,2005,4.68,3.13,105123.0
950,Indonesia,2010,8.19,5.43,117023.0
951,Indonesia,2015,9.87,9.13,129522.0
952,Iran (Islamic Republic of),1950,0.29,0.23,6481.0
953,Iran (Islamic Republic of),1955,0.35,0.32,6964.0
954,Iran (Islamic Republic of),1960,0.6,0.46,7618.0
955,Iran (Islamic Republic of),1965,0.99,0.82,8382.0
956,Iran (Islamic Republic of),1970,1.18,0.99,9363.0
957,Iran (Islamic Republic of),1975,1.69,1.44,11005.0
958,Iran (Islamic Republic of),1980,2.71,2.33,12859.0
959,Iran (Islamic Republic of),1985,3.78,3.25,15975.0
960,Iran (Islamic Republic of),1990,4.96,4.25,18831.0
961,Iran (Islamic Republic of),1995,8.31,7.09,21132.0
962,Iran (Islamic Republic of),2000,11.43,9.67,24249.0
963,Iran (Islamic Republic of),2005,13.3,11.16,28789.0
964,Iran (Islamic Republic of),2010,18.99,15.82,35437.0
965,Iran (Islamic Republic of),2015,28.01,23.14,42696.0
966,Iraq,1950,0.64,0.42,2010.0
967,Iraq,1955,0.79,0.51,2243.0
968,Iraq,1960,0.84,0.54,2462.0
969,Iraq,1965,1.07,0.68,2745.0
970,Iraq,1970,1.63,1.01,3111.0
971,Iraq,1975,2.33,1.42,3681.0
972,Iraq,1980,3.79,2.29,4286.0
973,Iraq,1985,5.21,3.32,4990.0
974,Iraq,1990,6.89,4.43,5857.0
975,Iraq,1995,8.77,5.69,7093.0
976,Iraq,2000,9.72,6.39,8640.0
977,Iraq,2005,12.17,7.98,10384.0
978,Iraq,2010,15.19,9.89,12241.0
979,Iraq,2015,11.31,7.42,13282.0
980,Israel,1950,9.76,6.41,592.0
981,Israel,1955,9.99,6.48,788.0
982,Israel,1960,10.18,6.66,934.0
983,Israel,1965,12.27,7.99,1082.0
984,Israel,1970,15.55,10.13,1169.0
985,Israel,1975,19.31,12.57,1355.0
986,Israel,1980,25.35,16.47,1543.0
987,Israel,1985,28.05,18.21,1714.0
988,Israel,1990,32.4,21.16,1899.0
989,Israel,1995,36.99,24.11,2313.0
990,Israel,2000,41.04,26.82,2721.0
991,Israel,2005,43.27,28.56,3090.0
992,Israel,2010,45.59,30.3,3445.0
993,Israel,2015,48.81,32.66,3679.0
994,Japan,1950,4.86,1.87,33451.0
995,Japan,1955,5.91,2.63,37754.0
996,Japan,1960,6.77,3.26,42522.0
997,Japan,1965,6.17,3.42,47111.0
998,Japan,1970,6.06,3.7,52057.0
999,Japan,1975,11.89,7.43,58463.0
1000,Japan,1980,15.93,10.0,62563.0
1001,Japan,1985,20.11,13.01,65232.0
1002,Japan,1990,24.29,15.82,67210.0
1003,Japan,1995,27.57,17.9,68731.0
1004,Japan,2000,32.23,21.02,70474.0
1005,Japan,2005,36.58,24.1,70778.0
1006,Japan,2010,41.05,27.28,69320.0
1007,Japan,2015,49.58,28.97,65940.0
1008,Jordan,1950,0.68,0.54,151.0
1009,Jordan,1955,0.77,0.61,207.0
1010,Jordan,1960,0.85,0.78,283.0
1011,Jordan,1965,1.22,0.98,350.0
1012,Jordan,1970,2.3,1.67,520.0
1013,Jordan,1975,4.4,2.97,619.0
1014,Jordan,1980,7.38,4.46,626.0
1015,Jordan,1985,8.78,4.85,777.0
1016,Jordan,1990,12.1,5.8,918.0
1017,Jordan,1995,12.78,5.57,1452.0
1018,Jordan,2000,13.13,5.18,1838.0
1019,Jordan,2005,14.08,4.94,2262.0
1020,Jordan,2010,16.63,5.03,2668.0
1021,Jordan,2015,16.42,4.42,3794.0
1022,Republic of Korea,1950,1.27,1.02,6921.0
1023,Republic of Korea,1955,1.63,1.19,7795.0
1024,Republic of Korea,1960,2.82,2.14,8985.0
1025,Republic of Korea,1965,3.97,3.07,10347.0
1026,Republic of Korea,1970,6.19,4.82,11755.0
1027,Republic of Korea,1975,7.36,5.73,13189.0
1028,Republic of Korea,1980,9.57,7.07,14948.0
1029,Republic of Korea,1985,12.52,8.8,18223.0
1030,Republic of Korea,1990,17.18,11.68,20895.0
1031,Republic of Korea,1995,23.21,16.13,23540.0
1032,Republic of Korea,2000,29.64,21.89,25932.0
1033,Republic of Korea,2005,36.29,29.26,27463.0
1034,Republic of Korea,2010,45.54,39.76,28763.0
1035,Republic of Korea,2015,45.4,32.35,30578.0
1036,Kuwait,1950,2.24,1.43,60.0
1037,Kuwait,1955,3.16,2.02,78.0
1038,Kuwait,1960,3.95,2.49,117.0
1039,Kuwait,1965,4.51,2.85,186.0
1040,Kuwait,1970,4.83,3.04,273.0
1041,Kuwait,1975,6.96,4.32,367.0
1042,Kuwait,1980,10.39,6.43,555.0
1043,Kuwait,1985,12.7,8.36,765.0
1044,Kuwait,1990,12.94,8.55,962.0
1045,Kuwait,1995,13.42,8.91,911.0
1046,Kuwait,2000,10.46,7.07,1286.0
1047,Kuwait,2005,8.41,5.65,1572.0
1048,Kuwait,2010,8.52,5.75,1808.0
1049,Kuwait,2015,14.78,8.36,2510.0
1050,Malaysia,1950,1.37,0.51,2207.0
1051,Malaysia,1955,1.51,0.62,2445.0
1052,Malaysia,1960,1.61,0.68,2752.0
1053,Malaysia,1965,1.47,0.63,3159.0
1054,Malaysia,1970,1.53,0.69,3549.0
1055,Malaysia,1975,1.53,0.64,4146.0
1056,Malaysia,1980,1.56,0.62,4923.0
1057,Malaysia,1985,4.55,1.71,5803.0
1058,Malaysia,1990,7.94,2.98,7257.0
1059,Malaysia,1995,8.86,3.22,8504.0
1060,Malaysia,2000,8.96,3.19,9977.0
1061,Malaysia,2005,12.87,4.47,11377.0
1062,Malaysia,2010,17.59,6.03,12957.0
1063,Malaysia,2015,20.39,12.34,15173.0
1064,Nepal,1950,0.07,0.05,3377.0
1065,Nepal,1955,0.1,0.06,3556.0
1066,Nepal,1960,0.12,0.08,3756.0
1067,Nepal,1965,0.2,0.13,4024.0
1068,Nepal,1970,0.28,0.17,4388.0
1069,Nepal,1975,0.62,0.38,4842.0
1070,Nepal,1980,1.19,0.73,5413.0
1071,Nepal,1985,2.52,1.64,6054.0
1072,Nepal,1990,4.35,2.86,6791.0
1073,Nepal,1995,4.05,2.68,7723.0
1074,Nepal,2000,4.01,2.65,8816.0
1075,Nepal,2005,3.86,2.58,10111.0
1076,Nepal,2010,3.54,2.4,11660.0
1077,Nepal,2015,5.17,3.36,10573.0
1078,Pakistan,1950,0.7,0.54,13998.0
1079,Pakistan,1955,0.7,0.54,15446.0
1080,Pakistan,1960,0.7,0.54,17167.0
1081,Pakistan,1965,0.92,0.74,19133.0
1082,Pakistan,1970,1.24,1.03,21368.0
1083,Pakistan,1975,1.67,1.46,23967.0
1084,Pakistan,1980,2.07,1.83,27630.0
1085,Pakistan,1985,2.37,2.08,32982.0
1086,Pakistan,1990,2.81,2.45,38828.0
1087,Pakistan,1995,4.5,3.84,43602.0
1088,Pakistan,2000,7.34,6.14,50102.0
1089,Pakistan,2005,6.66,5.51,57659.0
1090,Pakistan,2010,6.89,5.53,68039.0
1091,Pakistan,2015,9.29,7.3,78567.0
1092,Philippines,1950,2.82,2.04,6979.0
1093,Philippines,1955,5.86,4.19,7707.0
1094,Philippines,1960,6.2,4.44,8808.0
1095,Philippines,1965,7.74,5.58,10154.0
1096,Philippines,1970,10.15,7.36,11726.0
1097,Philippines,1975,12.25,7.74,13502.0
1098,Philippines,1980,15.68,10.09,15915.0
1099,Philippines,1985,18.25,9.94,18553.0
1100,Philippines,1990,18.7,8.65,21652.0
1101,Philippines,1995,22.07,8.44,25264.0
1102,Philippines,2000,26.17,8.09,29242.0
1103,Philippines,2005,25.83,7.68,33808.0
1104,Philippines,2010,25.41,7.29,38725.0
1105,Philippines,2015,29.33,8.25,44586.0
1106,Saudi Arabia,1950,3.55,2.35,1161.0
1107,Saudi Arabia,1955,4.16,2.72,1279.0
1108,Saudi Arabia,1960,4.78,3.09,1422.0
1109,Saudi Arabia,1965,5.44,3.49,1644.0
1110,Saudi Arabia,1970,5.99,3.81,1942.0
1111,Saudi Arabia,1975,6.41,4.01,2457.0
1112,Saudi Arabia,1980,8.15,5.02,3299.0
1113,Saudi Arabia,1985,9.82,6.29,4618.0
1114,Saudi Arabia,1990,11.51,7.46,6146.0
1115,Saudi Arabia,1995,12.55,8.21,7380.0
1116,Saudi Arabia,2000,14.1,9.3,8525.0
1117,Saudi Arabia,2005,15.55,10.22,10147.0
1118,Saudi Arabia,2010,17.3,11.45,11797.0
1119,Saudi Arabia,2015,25.76,20.5,17738.0
1120,Singapore,1950,1.0,0.79,402.0
1121,Singapore,1955,1.25,1.0,500.0
1122,Singapore,1960,1.47,1.17,611.0
1123,Singapore,1965,1.87,1.5,679.0
1124,Singapore,1970,2.19,1.75,750.0
1125,Singapore,1975,2.77,2.25,886.0
1126,Singapore,1980,3.64,2.99,1064.0
1127,Singapore,1985,3.55,2.95,1357.0
1128,Singapore,1990,3.88,3.31,1637.0
1129,Singapore,1995,9.37,8.08,1989.0
1130,Singapore,2000,18.77,16.35,2354.0
1131,Singapore,2005,21.04,18.03,2564.0
1132,Singapore,2010,38.86,32.63,2756.0
1133,Singapore,2015,50.69,42.66,3596.0
1134,Sri Lanka,1950,0.32,0.16,2777.0
1135,Sri Lanka,1955,0.37,0.19,3198.0
1136,Sri Lanka,1960,0.42,0.22,3599.0
1137,Sri Lanka,1965,0.47,0.25,4037.0
1138,Sri Lanka,1970,1.32,0.73,4583.0
1139,Sri Lanka,1975,1.42,0.86,5264.0
1140,Sri Lanka,1980,1.19,0.71,5928.0
1141,Sri Lanka,1985,2.5,1.64,6699.0
1142,Sri Lanka,1990,5.02,3.29,7665.0
1143,Sri Lanka,1995,9.08,5.98,8605.0
1144,Sri Lanka,2000,14.79,9.83,9537.0
1145,Sri Lanka,2005,15.18,10.09,10519.0
1146,Sri Lanka,2010,15.91,10.54,11488.0
1147,Sri Lanka,2015,3.37,2.28,10640.0
1148,Syrian Arab Republic,1950,0.42,0.28,1235.0
1149,Syrian Arab Republic,1955,0.5,0.33,1357.0
1150,Syrian Arab Republic,1960,0.56,0.36,1511.0
1151,Syrian Arab Republic,1965,0.81,0.52,1704.0
1152,Syrian Arab Republic,1970,1.5,0.94,1939.0
1153,Syrian Arab Republic,1975,1.54,0.97,2206.0
1154,Syrian Arab Republic,1980,2.46,1.52,2576.0
1155,Syrian Arab Republic,1985,4.09,2.61,3076.0
1156,Syrian Arab Republic,1990,5.14,3.34,3749.0
1157,Syrian Arab Republic,1995,5.76,3.79,4609.0
1158,Syrian Arab Republic,2000,5.46,3.65,5686.0
1159,Syrian Arab Republic,2005,5.37,3.61,7057.0
1160,Syrian Arab Republic,2010,6.4,4.26,8780.0
1161,Syrian Arab Republic,2015,5.43,3.62,7808.0
1162,Taiwan,1950,3.89,2.32,2799.0
1163,Taiwan,1955,4.21,2.37,3223.0
1164,Taiwan,1960,4.23,2.36,3921.0
1165,Taiwan,1965,4.39,2.39,4658.0
1166,Taiwan,1970,4.79,2.63,5473.0
1167,Taiwan,1975,5.87,3.19,6211.0
1168,Taiwan,1980,9.69,4.83,7412.0
1169,Taiwan,1985,11.86,5.32,8708.0
1170,Taiwan,1990,14.29,5.75,9910.0
1171,Taiwan,1995,18.67,6.49,10861.0
1172,Taiwan,2000,23.91,7.2,11775.0
1173,Taiwan,2005,33.77,8.94,12840.0
1174,Taiwan,2010,39.52,9.23,13483.0
1175,Taiwan,2015,45.05,9.47,14274.0
1176,Thailand,1950,0.41,0.27,6770.0
1177,Thailand,1955,0.53,0.34,7849.0
1178,Thailand,1960,0.63,0.37,9138.0
1179,Thailand,1965,0.92,0.64,10603.0
1180,Thailand,1970,1.17,0.93,12065.0
1181,Thailand,1975,1.86,1.66,13912.0
1182,Thailand,1980,3.21,3.16,16524.0
1183,Thailand,1985,3.86,3.65,19654.0
1184,Thailand,1990,5.21,4.73,23333.0
1185,Thailand,1995,5.5,4.8,27583.0
1186,Thailand,2000,5.74,4.82,31038.0
1187,Thailand,2005,13.43,10.89,33513.0
1188,Thailand,2010,14.21,11.42,35973.0
1189,Thailand,2015,19.04,14.73,39429.0
1190,United Arab Emirates,1950,1.87,1.2,25.0
1191,United Arab Emirates,1955,2.52,1.61,29.0
1192,United Arab Emirates,1960,3.6,2.29,32.0
1193,United Arab Emirates,1965,4.71,2.97,54.0
1194,United Arab Emirates,1970,5.51,3.45,95.0
1195,United Arab Emirates,1975,6.23,3.84,262.0
1196,United Arab Emirates,1980,6.51,4.03,534.0
1197,United Arab Emirates,1985,8.28,5.43,767.0
1198,United Arab Emirates,1990,11.05,7.28,1009.0
1199,United Arab Emirates,1995,14.67,9.68,1337.0
1200,United Arab Emirates,2000,17.93,11.89,1905.0
1201,United Arab Emirates,2005,18.14,12.1,2677.0
1202,United Arab Emirates,2010,15.99,10.78,3116.0
1203,United Arab Emirates,2015,50.99,46.89,6876.0
1204,Yemen,1950,0.04,0.03,1521.0
1205,Yemen,1955,0.04,0.03,1593.0
1206,Yemen,1960,0.05,0.03,1688.0
1207,Yemen,1965,0.05,0.03,1798.0
1208,Yemen,1970,0.05,0.03,1842.0
1209,Yemen,1975,0.0,0.0,1890.0
1210,Yemen,1980,0.05,0.03,2226.0
1211,Yemen,1985,0.17,0.11,2701.0
1212,Yemen,1990,0.5,0.31,3298.0
1213,Yemen,1995,0.87,0.54,4449.0
1214,Yemen,2000,1.47,0.94,5229.0
1215,Yemen,2005,2.06,1.32,6275.0
1216,Yemen,2010,2.71,1.75,7734.0
1217,Yemen,2015,6.64,4.22,9131.0
1218,Austria,1950,2.22,1.46,3687.0
1219,Austria,1955,2.3,1.49,3677.0
1220,Austria,1960,2.35,1.54,3603.0
1221,Austria,1965,2.54,1.66,3572.0
1222,Austria,1970,2.81,1.84,3585.0
1223,Austria,1975,3.18,2.08,3592.0
1224,Austria,1980,3.56,2.32,3597.0
1225,Austria,1985,4.66,3.03,3825.0
1226,Austria,1990,6.83,4.45,4055.0
1227,Austria,1995,9.47,6.17,4398.0
1228,Austria,2000,13.39,8.75,4546.0
1229,Austria,2005,17.72,11.75,4579.0
1230,Austria,2010,19.25,12.84,4606.0
1231,Austria,2015,30.52,20.4,4809.0
1232,Belgium,1950,3.3,2.38,4600.0
1233,Belgium,1955,3.82,2.83,4720.0
1234,Belgium,1960,4.3,3.24,4788.0
1235,Belgium,1965,5.21,4.02,4737.0
1236,Belgium,1970,6.17,4.82,4643.0
1237,Belgium,1975,9.15,7.22,4733.0
1238,Belgium,1980,12.81,9.83,4880.0
1239,Belgium,1985,16.44,12.25,5127.0
1240,Belgium,1990,20.66,14.9,5280.0
1241,Belgium,1995,24.83,17.32,5412.0
1242,Belgium,2000,28.7,19.35,5520.0
1243,Belgium,2005,31.78,21.51,5599.0
1244,Belgium,2010,34.78,23.64,5691.0
1245,Belgium,2015,36.89,25.18,5996.0
1246,Cyprus,1950,1.97,1.56,207.0
1247,Cyprus,1955,1.57,1.24,225.0
1248,Cyprus,1960,1.5,1.18,234.0
1249,Cyprus,1965,1.97,1.54,238.0
1250,Cyprus,1970,2.82,2.21,253.0
1251,Cyprus,1975,5.01,3.94,267.0
1252,Cyprus,1980,8.32,6.56,283.0
1253,Cyprus,1985,13.48,10.64,303.0
1254,Cyprus,1990,20.1,15.86,329.0
1255,Cyprus,1995,23.26,18.35,363.0
1256,Cyprus,2000,29.22,23.06,398.0
1257,Cyprus,2005,26.0,20.52,439.0
1258,Cyprus,2010,35.41,27.94,477.0
1259,Cyprus,2015,41.05,32.4,631.0
1260,Denmark,1950,3.28,2.1,2170.0
1261,Denmark,1955,5.75,3.66,2230.0
1262,Denmark,1960,6.66,4.25,2256.0
1263,Denmark,1965,7.83,4.98,2294.0
1264,Denmark,1970,9.76,6.19,2387.0
1265,Denmark,1975,12.12,7.65,2495.0
1266,Denmark,1980,14.5,9.14,2550.0
1267,Denmark,1985,19.09,11.87,2609.0
1268,Denmark,1990,21.18,13.84,2699.0
1269,Denmark,1995,23.17,15.12,2824.0
1270,Denmark,2000,23.75,15.59,2946.0
1271,Denmark,2005,28.8,19.03,2996.0
1272,Denmark,2010,32.85,21.9,2939.0
1273,Denmark,2015,44.61,29.79,2898.0
1274,Finland,1950,3.26,1.77,1904.0
1275,Finland,1955,3.79,2.03,2013.0
1276,Finland,1960,4.41,2.38,2088.0
1277,Finland,1965,5.51,3.06,2134.0
1278,Finland,1970,6.62,3.73,2177.0
1279,Finland,1975,10.64,6.2,2354.0
1280,Finland,1980,13.07,7.57,2471.0
1281,Finland,1985,15.51,8.74,2610.0
1282,Finland,1990,17.4,9.53,2706.0
1283,Finland,1995,23.08,12.15,2778.0
1284,Finland,2000,31.29,15.51,2805.0
1285,Finland,2005,34.77,16.28,2852.0
1286,Finland,2010,36.07,15.71,2880.0
1287,Finland,2015,42.7,16.8,2823.0
1288,France,1950,1.76,1.1,21213.0
1289,France,1955,1.96,1.23,21817.0
1290,France,1960,2.4,1.53,22655.0
1291,France,1965,3.31,2.03,23306.0
1292,France,1970,5.18,3.02,23317.0
1293,France,1975,7.88,4.27,24520.0
1294,France,1980,10.16,5.3,25824.0
1295,France,1985,10.85,5.52,27824.0
1296,France,1990,13.58,6.71,28796.0
1297,France,1995,16.02,7.74,29950.0
1298,France,2000,19.92,9.44,30877.0
1299,France,2005,24.03,11.32,31744.0
1300,France,2010,28.95,13.54,32612.0
1301,France,2015,34.98,16.36,32908.0
1302,Greece,1950,2.17,1.88,3381.0
1303,Greece,1955,1.95,1.86,3734.0
1304,Greece,1960,2.74,2.66,4073.0
1305,Greece,1965,2.62,2.56,4303.0
1306,Greece,1970,3.83,3.77,4331.0
1307,Greece,1975,6.09,5.83,4436.0
1308,Greece,1980,8.75,8.21,4753.0
1309,Greece,1985,10.51,9.66,4997.0
1310,Greece,1990,12.52,11.56,5273.0
1311,Greece,1995,16.08,14.93,5623.0
1312,Greece,2000,18.55,17.3,5879.0
1313,Greece,2005,28.96,27.11,6132.0
1314,Greece,2010,33.31,31.26,6399.0
1315,Greece,2015,29.12,27.36,5801.0
1316,Hungary,1950,2.79,2.48,4756.0
1317,Hungary,1955,3.23,2.86,5011.0
1318,Hungary,1960,3.59,3.22,5119.0
1319,Hungary,1965,3.8,3.45,5196.0
1320,Hungary,1970,5.65,5.27,5269.0
1321,Hungary,1975,6.71,6.42,5346.0
1322,Hungary,1980,8.14,7.99,5489.0
1323,Hungary,1985,9.67,9.4,5654.0
1324,Hungary,1990,11.52,11.04,5406.0
1325,Hungary,1995,12.47,11.78,5365.0
1326,Hungary,2000,14.28,13.22,5488.0
1327,Hungary,2005,16.48,15.08,5686.0
1328,Hungary,2010,21.18,19.11,5668.0
1329,Hungary,2015,24.26,21.64,5515.0
1330,Iceland,1950,2.81,1.83,64.0
1331,Iceland,1955,3.52,2.26,70.0
1332,Iceland,1960,4.2,2.73,75.0
1333,Iceland,1965,5.03,3.28,78.0
1334,Iceland,1970,6.22,4.05,81.0
1335,Iceland,1975,8.34,5.4,90.0
1336,Iceland,1980,11.14,7.21,99.0
1337,Iceland,1985,14.53,9.3,109.0
1338,Iceland,1990,17.34,11.2,122.0
1339,Iceland,1995,22.38,14.49,130.0
1340,Iceland,2000,23.83,15.54,140.0
1341,Iceland,2005,30.68,20.23,153.0
1342,Iceland,2010,28.03,18.98,161.0
1343,Iceland,2015,29.01,19.62,171.0
1344,Ireland,1950,3.7,2.38,1349.0
1345,Ireland,1955,3.98,2.57,1313.0
1346,Ireland,1960,4.44,2.88,1242.0
1347,Ireland,1965,4.91,3.21,1213.0
1348,Ireland,1970,5.24,3.46,1234.0
1349,Ireland,1975,6.8,4.54,1300.0
1350,Ireland,1980,8.83,5.94,1404.0
1351,Ireland,1985,13.25,8.97,1497.0
1352,Ireland,1990,16.81,11.42,1555.0
1353,Ireland,1995,21.73,14.84,1691.0
1354,Ireland,2000,28.66,19.66,1891.0
1355,Ireland,2005,35.17,24.19,2241.0
1356,Ireland,2010,49.4,33.99,2471.0
1357,Ireland,2015,44.68,30.75,2503.0
1358,Italy,1950,1.57,1.03,22790.0
1359,Italy,1955,1.83,1.19,24104.0
1360,Italy,1960,2.27,1.49,25293.0
1361,Italy,1965,2.36,1.55,26397.0
1362,Italy,1970,2.87,1.88,26781.0
1363,Italy,1975,3.42,2.24,27450.0
1364,Italy,1980,4.72,3.09,27833.0
1365,Italy,1985,5.4,3.52,29033.0
1366,Italy,1990,6.74,4.41,30205.0
1367,Italy,1995,8.95,5.81,31197.0
1368,Italy,2000,10.97,7.18,32257.0
1369,Italy,2005,12.16,8.03,32426.0
1370,Italy,2010,14.61,9.72,32221.0
1371,Italy,2015,17.55,11.75,33116.0
1372,Luxembourg,1950,1.67,1.08,160.0
1373,Luxembourg,1955,2.47,1.58,170.0
1374,Luxembourg,1960,3.3,2.15,172.0
1375,Luxembourg,1965,4.88,3.16,176.0
1376,Luxembourg,1970,6.49,4.22,175.0
1377,Luxembourg,1975,8.86,5.76,183.0
1378,Luxembourg,1980,10.52,6.86,188.0
1379,Luxembourg,1985,11.77,7.64,199.0
1380,Luxembourg,1990,13.02,8.5,214.0
1381,Luxembourg,1995,15.95,10.36,223.0
1382,Luxembourg,2000,18.75,12.27,242.0
1383,Luxembourg,2005,24.25,16.05,262.0
1384,Luxembourg,2010,35.43,23.59,279.0
1385,Luxembourg,2015,36.26,24.41,325.0
1386,Malta,1950,4.16,3.22,131.0
1387,Malta,1955,3.66,2.78,122.0
1388,Malta,1960,3.2,2.24,127.0
1389,Malta,1965,2.63,1.7,123.0
1390,Malta,1970,3.69,2.42,131.0
1391,Malta,1975,5.01,3.46,146.0
1392,Malta,1980,5.95,4.4,159.0
1393,Malta,1985,5.8,4.59,177.0
1394,Malta,1990,6.63,5.55,187.0
1395,Malta,1995,7.61,6.7,196.0
1396,Malta,2000,9.25,8.14,206.0
1397,Malta,2005,11.9,10.45,217.0
1398,Malta,2010,14.72,12.92,226.0
1399,Malta,2015,20.7,18.14,237.0
1400,Netherlands,1950,1.28,0.84,4756.0
1401,Netherlands,1955,1.36,0.88,5028.0
1402,Netherlands,1960,1.42,0.93,5284.0
1403,Netherlands,1965,4.44,2.9,5548.0
1404,Netherlands,1970,7.63,4.99,5859.0
1405,Netherlands,1975,8.99,5.88,6427.0
1406,Netherlands,1980,11.91,7.76,6905.0
1407,Netherlands,1985,15.36,9.95,7418.0
1408,Netherlands,1990,18.62,12.14,7964.0
1409,Netherlands,1995,21.97,14.29,8533.0
1410,Netherlands,2000,24.87,16.29,8945.0
1411,Netherlands,2005,27.95,18.49,9128.0
1412,Netherlands,2010,32.38,21.55,9202.0
1413,Netherlands,2015,35.34,23.63,8993.0
1414,Norway,1950,1.54,0.8,1718.0
1415,Norway,1955,1.8,0.91,1784.0
1416,Norway,1960,2.03,1.01,1786.0
1417,Norway,1965,4.67,2.23,1783.0
1418,Norway,1970,8.37,3.82,1812.0
1419,Norway,1975,10.57,4.72,1894.0
1420,Norway,1980,14.17,6.34,1954.0
1421,Norway,1985,17.52,8.24,2019.0
1422,Norway,1990,22.03,11.32,2092.0
1423,Norway,1995,24.17,12.7,2226.0
1424,Norway,2000,28.66,15.32,2372.0
1425,Norway,2005,31.45,16.92,2460.0
1426,Norway,2010,32.86,17.81,2501.0
1427,Norway,2015,43.21,23.54,2743.0
1428,Poland,1950,2.5,1.63,11450.0
1429,Poland,1955,2.99,1.92,12639.0
1430,Poland,1960,3.39,2.21,13829.0
1431,Poland,1965,4.54,2.95,14719.0
1432,Poland,1970,6.05,3.95,14853.0
1433,Poland,1975,6.16,4.02,15753.0
1434,Poland,1980,6.51,4.24,17233.0
1435,Poland,1985,7.17,4.66,18942.0
1436,Poland,1990,8.86,5.8,19390.0
1437,Poland,1995,10.44,6.82,19477.0
1438,Poland,2000,13.93,9.09,19973.0
1439,Poland,2005,16.82,11.07,20985.0
1440,Poland,2010,23.84,15.71,22338.0
1441,Poland,2015,28.07,18.7,21925.0
1442,Portugal,1950,0.98,0.57,3775.0
1443,Portugal,1955,1.06,0.59,3973.0
1444,Portugal,1960,1.11,0.6,4121.0
1445,Portugal,1965,1.47,0.74,4170.0
1446,Portugal,1970,1.78,0.88,3944.0
1447,Portugal,1975,2.58,1.25,4124.0
1448,Portugal,1980,4.15,1.9,4486.0
1449,Portugal,1985,6.32,2.72,4766.0
1450,Portugal,1990,8.94,3.6,4984.0
1451,Portugal,1995,10.48,3.84,5156.0
1452,Portugal,2000,13.78,4.45,5427.0
1453,Portugal,2005,13.45,4.03,5745.0
1454,Portugal,2010,15.27,4.19,5964.0
1455,Portugal,2015,22.91,5.86,5667.0
1456,Spain,1950,1.39,0.91,13236.0
1457,Spain,1955,1.64,1.06,14149.0
1458,Spain,1960,1.84,1.2,14955.0
1459,Spain,1965,2.23,1.45,15532.0
1460,Spain,1970,2.59,1.69,15858.0
1461,Spain,1975,5.61,3.63,16598.0
1462,Spain,1980,7.95,5.18,17495.0
1463,Spain,1985,8.97,5.78,18454.0
1464,Spain,1990,9.9,6.42,19607.0
1465,Spain,1995,14.92,9.68,20707.0
1466,Spain,2000,23.33,15.18,22021.0
1467,Spain,2005,28.63,18.84,24638.0
1468,Spain,2010,30.51,20.29,25571.0
1469,Spain,2015,35.15,23.59,26459.0
1470,Sweden,1950,4.49,2.95,3779.0
1471,Sweden,1955,5.42,3.5,3866.0
1472,Sweden,1960,6.28,4.11,3880.0
1473,Sweden,1965,7.09,4.62,3915.0
1474,Sweden,1970,7.99,5.22,4053.0
1475,Sweden,1975,12.74,8.29,4159.0
1476,Sweden,1980,17.4,11.35,4203.0
1477,Sweden,1985,19.63,12.78,4230.0
1478,Sweden,1990,22.49,14.72,4330.0
1479,Sweden,1995,25.62,16.72,4529.0
1480,Sweden,2000,26.09,17.09,4686.0
1481,Sweden,2005,28.62,18.9,4788.0
1482,Sweden,2010,31.96,21.26,4758.0
1483,Sweden,2015,39.82,26.63,4956.0
1484,Switzerland,1950,8.84,5.8,2464.0
1485,Switzerland,1955,9.36,6.07,2609.0
1486,Switzerland,1960,9.84,6.44,2732.0
1487,Switzerland,1965,9.64,6.3,2863.0
1488,Switzerland,1970,10.21,6.66,3061.0
1489,Switzerland,1975,11.29,7.37,3191.0
1490,Switzerland,1980,12.41,8.11,3227.0
1491,Switzerland,1985,14.52,9.43,3456.0
1492,Switzerland,1990,17.41,11.34,3743.0
1493,Switzerland,1995,19.99,13.0,3925.0
1494,Switzerland,2000,21.5,14.11,4012.0
1495,Switzerland,2005,25.25,16.75,4040.0
1496,Switzerland,2010,37.32,24.87,4010.0
1497,Switzerland,2015,39.84,26.65,4634.0
1498,Turkey,1950,1.07,0.69,7820.0
1499,Turkey,1955,0.97,0.63,9092.0
1500,Turkey,1960,1.06,0.69,10614.0
1501,Turkey,1965,1.16,0.76,11653.0
1502,Turkey,1970,1.42,0.92,12883.0
1503,Turkey,1975,1.96,1.27,14359.0
1504,Turkey,1980,3.91,2.54,16369.0
1505,Turkey,1985,11.79,7.58,19467.0
1506,Turkey,1990,11.65,7.53,22871.0
1507,Turkey,1995,11.37,7.35,26254.0
1508,Turkey,2000,10.4,6.75,30222.0
1509,Turkey,2005,9.3,6.1,34351.0
1510,Turkey,2010,11.79,7.79,38607.0
1511,Turkey,2015,16.72,11.09,39239.0
1512,United Kingdom,1950,1.61,1.05,26573.0
1513,United Kingdom,1955,1.71,1.11,26687.0
1514,United Kingdom,1960,1.83,1.19,26693.0
1515,United Kingdom,1965,4.65,3.04,26856.0
1516,United Kingdom,1970,8.31,5.43,26381.0
1517,United Kingdom,1975,10.72,6.99,26823.0
1518,United Kingdom,1980,11.14,7.3,26959.0
1519,United Kingdom,1985,12.22,7.96,27578.0
1520,United Kingdom,1990,16.94,11.04,28928.0
1521,United Kingdom,1995,20.66,13.42,30157.0
1522,United Kingdom,2000,24.77,16.2,31042.0
1523,United Kingdom,2005,26.61,17.59,31617.0
1524,United Kingdom,2010,30.32,20.15,32186.0
1525,United Kingdom,2015,41.64,27.85,34381.0
1526,Australia,1950,11.04,7.23,4169.0
1527,Australia,1955,11.88,7.69,4557.0
1528,Australia,1960,12.86,8.41,4873.0
1529,Australia,1965,13.75,8.99,5266.0
1530,Australia,1970,23.17,15.16,5772.0
1531,Australia,1975,20.6,13.43,6312.0
1532,Australia,1980,22.49,14.58,6978.0
1533,Australia,1985,25.71,16.59,7709.0
1534,Australia,1990,27.82,18.11,8563.0
1535,Australia,1995,29.13,18.96,9283.0
1536,Australia,2000,26.89,17.61,10092.0
1537,Australia,2005,32.65,21.56,10826.0
1538,Australia,2010,36.62,24.57,11521.0
1539,Australia,2015,42.9,28.67,12684.0
1540,Fiji,1950,2.04,1.33,91.0
1541,Fiji,1955,2.36,1.54,101.0
1542,Fiji,1960,2.64,1.71,120.0
1543,Fiji,1965,2.94,1.89,145.0
1544,Fiji,1970,3.18,2.01,172.0
1545,Fiji,1975,3.44,2.15,202.0
1546,Fiji,1980,3.86,2.4,230.0
1547,Fiji,1985,4.62,3.01,267.0
1548,Fiji,1990,6.24,4.11,291.0
1549,Fiji,1995,9.07,6.01,320.0
1550,Fiji,2000,10.41,6.91,347.0
1551,Fiji,2005,12.64,8.31,383.0
1552,Fiji,2010,13.84,9.12,418.0
1553,Fiji,2015,4.49,2.99,419.0
1554,New Zealand,1950,4.07,1.79,909.0
1555,New Zealand,1955,4.58,2.1,990.0
1556,New Zealand,1960,4.99,2.33,1052.0
1557,New Zealand,1965,5.36,2.55,1127.0
1558,New Zealand,1970,13.04,6.33,1193.0
1559,New Zealand,1975,21.66,10.67,1335.0
1560,New Zealand,1980,29.08,14.49,1400.0
1561,New Zealand,1985,36.3,18.1,1535.0
1562,New Zealand,1990,42.42,21.15,1665.0
1563,New Zealand,1995,43.05,21.48,1849.0
1564,New Zealand,2000,45.77,22.84,1980.0
1565,New Zealand,2005,49.26,24.61,2084.0
1566,New Zealand,2010,40.35,20.17,2172.0
1567,New Zealand,2015,30.55,15.27,2359.0
1568,Papua New Guinea,1950,0.04,0.02,671.0
1569,Papua New Guinea,1955,0.05,0.03,701.0
1570,Papua New Guinea,1960,0.05,0.03,747.0
1571,Papua New Guinea,1965,0.1,0.05,760.0
1572,Papua New Guinea,1970,0.12,0.06,881.0
1573,Papua New Guinea,1975,0.21,0.12,975.0
1574,Papua New Guinea,1980,0.32,0.16,1108.0
1575,Papua New Guinea,1985,0.57,0.31,1264.0
1576,Papua New Guinea,1990,0.72,0.38,1432.0
1577,Papua New Guinea,1995,0.92,0.47,1673.0
1578,Papua New Guinea,2000,1.55,0.79,1947.0
1579,Papua New Guinea,2005,1.76,0.89,2218.0
1580,Papua New Guinea,2010,1.67,0.85,2551.0
1581,Papua New Guinea,2015,1.44,0.74,3289.0
1582,Tonga,1950,2.03,1.34,14.0
1583,Tonga,1955,2.11,1.39,17.0
1584,Tonga,1960,2.17,1.41,21.0
1585,Tonga,1965,2.22,1.43,24.0
1586,Tonga,1970,2.25,1.43,30.0
1587,Tonga,1975,2.26,1.43,28.0
1588,Tonga,1980,2.64,1.65,31.0
1589,Tonga,1985,2.98,1.94,30.0
1590,Tonga,1990,5.34,3.53,31.0
1591,Tonga,1995,8.52,5.7,34.0
1592,Tonga,2000,9.98,6.7,36.0
1593,Tonga,2005,13.26,8.85,39.0
1594,Tonga,2010,6.73,4.49,41.0
1595,Tonga,2015,0.23,0.16,40.0
1596,Libyan Arab Jamahiriya,1950,0.09,0.06,359.0
1597,Libyan Arab Jamahiriya,1955,0.09,0.06,384.0
1598,Libyan Arab Jamahiriya,1960,0.16,0.1,460.0
1599,Libyan Arab Jamahiriya,1965,0.22,0.14,563.0
1600,Libyan Arab Jamahiriya,1970,0.47,0.29,667.0
1601,Libyan Arab Jamahiriya,1975,1.17,0.71,811.0
1602,Libyan Arab Jamahiriya,1980,1.84,1.13,1021.0
1603,Libyan Arab Jamahiriya,1985,3.23,2.08,1260.0
1604,Libyan Arab Jamahiriya,1990,3.02,2.01,1465.0
1605,Libyan Arab Jamahiriya,1995,3.68,2.45,1747.0
1606,Libyan Arab Jamahiriya,2000,4.76,3.11,2109.0
1607,Libyan Arab Jamahiriya,2005,11.65,7.38,2536.0
1608,Libyan Arab Jamahiriya,2010,19.43,12.24,3062.0
1609,Libyan Arab Jamahiriya,2015,28.97,18.37,3188.0
1610,Namibia,1950,1.9,1.26,187.0
1611,Namibia,1955,2.08,1.37,202.0
1612,Namibia,1960,2.28,1.49,221.0
1613,Namibia,1965,2.11,1.38,245.0
1614,Namibia,1970,2.06,1.32,271.0
1615,Namibia,1975,2.14,1.34,303.0
1616,Namibia,1980,2.38,1.48,318.0
1617,Namibia,1985,2.68,1.75,346.0
1618,Namibia,1990,3.09,2.04,453.0
1619,Namibia,1995,2.86,1.91,541.0
1620,Namibia,2000,3.04,2.05,643.0
1621,Namibia,2005,2.67,1.81,689.0
1622,Namibia,2010,2.22,1.52,729.0
1623,Namibia,2015,2.35,1.55,886.0
1624,Reunion,1950,7.76,5.15,95.0
1625,Reunion,1955,9.01,5.96,106.0
1626,Reunion,1960,4.75,3.12,118.0
1627,Reunion,1965,0.57,0.37,131.0
1628,Reunion,1970,0.49,0.32,156.0
1629,Reunion,1975,0.51,0.33,167.0
1630,Reunion,1980,0.61,0.38,186.0
1631,Reunion,1985,0.78,0.5,222.0
1632,Reunion,1990,1.01,0.65,263.0
1633,Reunion,1995,1.27,0.83,310.0
1634,Reunion,2000,1.52,1.0,352.0
1635,Reunion,2005,1.78,1.18,387.0
1636,Reunion,2010,2.09,1.39,418.0
1637,Reunion,2015,2.16,1.43,438.0
1638,Belize,1950,7.63,5.09,27.0
1639,Belize,1955,8.39,5.53,29.0
1640,Belize,1960,8.95,5.84,33.0
1641,Belize,1965,6.55,4.23,34.0
1642,Belize,1970,1.54,0.99,36.0
1643,Belize,1975,1.84,1.16,36.0
1644,Belize,1980,2.52,1.59,41.0
1645,Belize,1985,4.25,2.8,50.0
1646,Belize,1990,7.3,4.81,58.0
1647,Belize,1995,7.45,4.93,71.0
1648,Belize,2000,7.36,4.9,84.0
1649,Belize,2005,6.82,4.53,102.0
1650,Belize,2010,5.83,3.91,123.0
1651,Belize,2015,6.19,4.07,155.0
1652,Brunei Darussalam,1950,0.78,0.51,20.0
1653,Brunei Darussalam,1955,0.92,0.6,25.0
1654,Brunei Darussalam,1960,1.04,0.68,31.0
1655,Brunei Darussalam,1965,1.87,1.2,37.0
1656,Brunei Darussalam,1970,3.21,2.04,48.0
1657,Brunei Darussalam,1975,5.18,3.25,59.0
1658,Brunei Darussalam,1980,9.93,6.08,71.0
1659,Brunei Darussalam,1985,8.53,5.63,91.0
1660,Brunei Darussalam,1990,7.6,5.14,113.0
1661,Brunei Darussalam,1995,7.13,4.8,136.0
1662,Brunei Darussalam,2000,7.55,5.05,158.0
1663,Brunei Darussalam,2005,9.11,5.97,184.0
1664,Brunei Darussalam,2010,10.77,7.01,213.0
1665,Brunei Darussalam,2015,11.52,7.49,228.0
1666,Bulgaria,1950,3.04,2.32,3449.0
1667,Bulgaria,1955,3.58,2.68,3710.0
1668,Bulgaria,1960,4.24,3.18,4055.0
1669,Bulgaria,1965,5.36,3.98,4245.0
1670,Bulgaria,1970,7.58,5.45,4368.0
1671,Bulgaria,1975,9.89,6.98,4528.0
1672,Bulgaria,1980,12.97,9.01,4596.0
1673,Bulgaria,1985,15.65,10.77,4829.0
1674,Bulgaria,1990,17.35,11.88,4578.0
1675,Bulgaria,1995,17.96,12.19,4371.0
1676,Bulgaria,2000,20.93,14.2,4286.0
1677,Bulgaria,2005,22.08,14.98,4304.0
1678,Bulgaria,2010,26.32,17.86,4286.0
1679,Bulgaria,2015,27.52,18.67,4030.0
1680,Czech Republic,1950,1.63,1.03,4698.0
1681,Czech Republic,1955,2.06,1.29,4878.0
1682,Czech Republic,1960,2.43,1.5,4967.0
1683,Czech Republic,1965,3.23,1.97,4882.0
1684,Czech Republic,1970,4.66,2.8,4823.0
1685,Czech Republic,1975,5.41,3.19,4955.0
1686,Czech Republic,1980,7.09,4.08,5109.0
1687,Czech Republic,1985,10.78,6.07,5313.0
1688,Czech Republic,1990,15.9,8.78,5284.0
1689,Czech Republic,1995,13.7,7.48,5331.0
1690,Czech Republic,2000,12.71,6.8,5599.0
1691,Czech Republic,2005,13.55,7.09,5928.0
1692,Czech Republic,2010,18.17,9.3,5955.0
1693,Czech Republic,2015,22.21,11.15,6021.0
1694,Romania,1950,2.13,1.43,7581.0
1695,Romania,1955,2.31,1.53,8338.0
1696,Romania,1960,2.68,1.74,9048.0
1697,Romania,1965,2.94,1.92,9632.0
1698,Romania,1970,3.67,2.36,9952.0
1699,Romania,1975,5.12,3.23,10266.0
1700,Romania,1980,5.28,3.33,10813.0
1701,Romania,1985,6.01,4.01,11560.0
1702,Romania,1990,7.72,5.18,11470.0
1703,Romania,1995,8.01,5.44,11531.0
1704,Romania,2000,10.2,6.88,11546.0
1705,Romania,2005,10.56,7.11,11826.0
1706,Romania,2010,13.79,9.15,12111.0
1707,Romania,2015,17.08,11.27,11233.0
1708,Russian Federation,1950,3.54,1.55,45289.0
1709,Russian Federation,1955,4.2,1.77,52368.0
1710,Russian Federation,1960,4.57,1.73,57118.0
1711,Russian Federation,1965,5.62,2.4,63411.0
1712,Russian Federation,1970,7.24,3.11,63646.0
1713,Russian Federation,1975,11.33,4.91,66032.0
1714,Russian Federation,1980,17.39,7.44,69862.0
1715,Russian Federation,1985,25.99,10.95,75762.0
1716,Russian Federation,1990,37.84,15.72,79403.0
1717,Russian Federation,1995,45.01,17.67,77860.0
1718,Russian Federation,2000,56.83,23.0,78339.0
1719,Russian Federation,2005,61.28,25.09,77296.0
1720,Russian Federation,2010,67.24,27.93,80890.0
1721,Russian Federation,2015,67.85,28.69,81465.0
1722,Cuba,1950,1.61,1.3,2479.0
1723,Cuba,1955,1.73,1.39,2720.0
1724,Cuba,1960,1.8,1.45,2949.0
1725,Cuba,1965,2.08,1.66,3143.0
1726,Cuba,1970,2.55,2.03,3329.0
1727,Cuba,1975,3.63,2.84,3643.0
1728,Cuba,1980,5.03,3.89,3967.0
1729,Cuba,1985,6.18,4.74,4281.0
1730,Cuba,1990,7.84,5.98,4985.0
1731,Cuba,1995,9.4,7.15,5645.0
1732,Cuba,2000,10.62,8.07,6215.0
1733,Cuba,2005,10.01,7.59,6311.0
1734,Cuba,2010,13.65,10.33,6367.0
1735,Cuba,2015,15.55,15.39,6394.0
1736,Albania,1950,0.31,0.19,427.0
1737,Albania,1955,0.89,0.55,486.0
1738,Albania,1960,1.42,0.88,567.0
1739,Albania,1965,2.27,1.42,659.0
1740,Albania,1970,2.9,1.81,759.0
1741,Albania,1975,4.07,2.51,856.0
1742,Albania,1980,5.38,3.31,1001.0
1743,Albania,1985,6.05,3.95,1175.0
1744,Albania,1990,6.64,4.41,1395.0
1745,Albania,1995,6.65,4.45,1415.0
1746,Albania,2000,8.01,5.43,1399.0
1747,Albania,2005,4.79,3.25,1444.0
1748,Albania,2010,1.88,1.22,1540.0
1749,Albania,2015,16.7,10.76,1490.0
1750,Slovakia,1950,1.69,1.07,1641.0
1751,Slovakia,1955,2.15,1.34,1759.0
1752,Slovakia,1960,2.57,1.58,1903.0
1753,Slovakia,1965,3.41,2.08,1963.0
1754,Slovakia,1970,4.82,2.89,2044.0
1755,Slovakia,1975,5.49,3.24,2149.0
1756,Slovakia,1980,7.15,4.11,2318.0
1757,Slovakia,1985,8.22,4.62,2530.0
1758,Slovakia,1990,10.78,5.91,2588.0
1759,Slovakia,1995,11.91,6.48,2666.0
1760,Slovakia,2000,13.44,7.17,2809.0
1761,Slovakia,2005,15.5,8.1,3011.0
1762,Slovakia,2010,20.67,10.54,3162.0
1763,Slovakia,2015,21.12,10.56,3188.0
1764,Germany,1950,3.13,2.06,36069.0
1765,Germany,1955,3.32,2.16,36793.0
1766,Germany,1960,3.37,2.21,37441.0
1767,Germany,1965,3.49,2.28,39104.0
1768,Germany,1970,3.58,2.34,39304.0
1769,Germany,1975,6.88,4.51,38678.0
1770,Germany,1980,9.28,6.07,38977.0
1771,Germany,1985,11.21,7.3,41090.0
1772,Germany,1990,13.92,9.11,43913.0
1773,Germany,1995,18.33,11.95,46535.0
1774,Germany,2000,22.27,14.65,46844.0
1775,Germany,2005,23.19,15.41,45540.0
1776,Germany,2010,26.61,17.74,45201.0
1777,Germany,2015,23.67,15.94,44959.0
1778,Armenia,1950,11.01,7.44,481.0
1779,Armenia,1955,11.19,7.39,588.0
1780,Armenia,1960,11.38,7.39,713.0
1781,Armenia,1965,13.15,8.43,879.0
1782,Armenia,1970,14.01,8.93,961.0
1783,Armenia,1975,16.01,10.09,1081.0
1784,Armenia,1980,18.18,11.31,1255.0
1785,Armenia,1985,19.02,12.46,1504.0
1786,Armenia,1990,19.8,13.14,1708.0
1787,Armenia,1995,20.88,14.04,1527.0
1788,Armenia,2000,21.94,14.93,1437.0
1789,Armenia,2005,22.37,15.11,1422.0
1790,Armenia,2010,25.38,16.91,1548.0
1791,Armenia,2015,52.2,29.75,1600.0
1792,Cambodia,1950,0.03,0.02,1551.0
1793,Cambodia,1955,0.04,0.02,1728.0
1794,Cambodia,1960,0.05,0.03,1932.0
1795,Cambodia,1965,0.07,0.05,2171.0
1796,Cambodia,1970,0.12,0.07,2433.0
1797,Cambodia,1975,0.2,0.12,2515.0
1798,Cambodia,1980,0.29,0.17,2343.0
1799,Cambodia,1985,0.33,0.21,2730.0
1800,Cambodia,1990,0.35,0.23,3333.0
1801,Cambodia,1995,0.44,0.29,4025.0
1802,Cambodia,2000,0.53,0.35,4656.0
1803,Cambodia,2005,0.99,0.66,4968.0
1804,Cambodia,2010,2.32,1.5,6091.0
1805,Cambodia,2015,5.93,3.71,6779.0
1806,Kazakhstan,1950,2.64,1.77,2645.0
1807,Kazakhstan,1955,3.43,2.23,3263.0
1808,Kazakhstan,1960,4.26,2.72,3941.0
1809,Kazakhstan,1965,6.28,3.95,4931.0
1810,Kazakhstan,1970,7.44,4.67,5238.0
1811,Kazakhstan,1975,9.52,5.94,5545.0
1812,Kazakhstan,1980,11.71,7.23,6111.0
1813,Kazakhstan,1985,12.74,8.34,6857.0
1814,Kazakhstan,1990,13.58,9.01,7687.0
1815,Kazakhstan,1995,14.96,10.08,7327.0
1816,Kazakhstan,2000,17.99,12.2,7189.0
1817,Kazakhstan,2005,25.6,17.15,7218.0
1818,Kazakhstan,2010,24.24,16.09,7655.0
1819,Kazakhstan,2015,24.32,16.04,9074.0
1820,Kyrgyzstan,1950,4.93,3.31,735.0
1821,Kyrgyzstan,1955,5.55,3.65,810.0
1822,Kyrgyzstan,1960,6.1,3.95,890.0
1823,Kyrgyzstan,1965,7.65,4.89,1027.0
1824,Kyrgyzstan,1970,8.97,5.68,1085.0
1825,Kyrgyzstan,1975,10.97,6.87,1141.0
1826,Kyrgyzstan,1980,13.32,8.24,1309.0
1827,Kyrgyzstan,1985,14.52,9.48,1532.0
1828,Kyrgyzstan,1990,15.55,10.27,1728.0
1829,Kyrgyzstan,1995,15.55,10.42,1752.0
1830,Kyrgyzstan,2000,15.24,10.34,1979.0
1831,Kyrgyzstan,2005,15.24,10.3,2189.0
1832,Kyrgyzstan,2010,18.74,12.48,2507.0
1833,Kyrgyzstan,2015,19.21,12.57,2730.0
1834,Lao People's Democratic Republic,1950,0.18,0.12,627.0
1835,Lao People's Democratic Republic,1955,0.25,0.16,702.0
1836,Lao People's Democratic Republic,1960,0.4,0.25,788.0
1837,Lao People's Democratic Republic,1965,0.64,0.4,882.0
1838,Lao People's Democratic Republic,1970,0.97,0.6,977.0
1839,Lao People's Democratic Republic,1975,1.48,0.9,1082.0
1840,Lao People's Democratic Republic,1980,2.21,1.34,1145.0
1841,Lao People's Democratic Republic,1985,3.03,1.94,1209.0
1842,Lao People's Democratic Republic,1990,3.95,2.55,1386.0
1843,Lao People's Democratic Republic,1995,4.61,3.02,1563.0
1844,Lao People's Democratic Republic,2000,5.14,3.43,1814.0
1845,Lao People's Democratic Republic,2005,6.38,4.24,2084.0
1846,Lao People's Democratic Republic,2010,8.73,5.74,2430.0
1847,Lao People's Democratic Republic,2015,11.85,7.68,2806.0
1848,Maldives,1950,0.07,0.04,36.0
1849,Maldives,1955,0.08,0.04,38.0
1850,Maldives,1960,0.1,0.04,39.0
1851,Maldives,1965,0.12,0.05,41.0
1852,Maldives,1970,0.24,0.1,43.0
1853,Maldives,1975,0.34,0.14,46.0
1854,Maldives,1980,0.65,0.22,53.0
1855,Maldives,1985,0.88,0.27,61.0
1856,Maldives,1990,1.09,0.33,68.0
1857,Maldives,1995,1.3,0.3,81.0
1858,Maldives,2000,1.53,0.26,93.0
1859,Maldives,2005,2.17,0.33,112.0
1860,Maldives,2010,1.96,0.28,138.0
1861,Maldives,2015,3.98,0.46,255.0
1862,Mongolia,1950,1.35,1.25,274.0
1863,Mongolia,1955,2.15,2.01,301.0
1864,Mongolia,1960,2.86,2.68,335.0
1865,Mongolia,1965,4.14,3.89,376.0
1866,Mongolia,1970,6.18,5.82,429.0
1867,Mongolia,1975,10.61,10.01,494.0
1868,Mongolia,1980,12.3,11.62,573.0
1869,Mongolia,1985,13.27,12.55,666.0
1870,Mongolia,1990,13.32,12.61,745.0
1871,Mongolia,1995,12.4,11.74,870.0
1872,Mongolia,2000,12.78,12.1,995.0
1873,Mongolia,2005,15.93,15.09,1153.0
1874,Mongolia,2010,24.51,23.25,1330.0
1875,Mongolia,2015,24.53,23.33,1512.0
1876,Qatar,1950,3.09,1.99,10.0
1877,Qatar,1955,4.45,2.83,14.0
1878,Qatar,1960,6.47,4.09,18.0
1879,Qatar,1965,8.41,5.29,30.0
1880,Qatar,1970,10.96,6.84,48.0
1881,Qatar,1975,12.26,7.57,76.0
1882,Qatar,1980,13.0,8.04,110.0
1883,Qatar,1985,13.51,8.8,203.0
1884,Qatar,1990,13.31,8.88,274.0
1885,Qatar,1995,14.11,9.46,306.0
1886,Qatar,2000,16.52,11.14,361.0
1887,Qatar,2005,20.26,13.54,513.0
1888,Qatar,2010,19.45,13.08,568.0
1889,Qatar,2015,18.89,12.54,1834.0
1890,Tajikistan,1950,3.03,2.03,613.0
1891,Tajikistan,1955,3.71,2.42,717.0
1892,Tajikistan,1960,4.43,2.84,810.0
1893,Tajikistan,1965,6.1,3.86,927.0
1894,Tajikistan,1970,7.21,4.54,987.0
1895,Tajikistan,1975,9.11,5.69,1075.0
1896,Tajikistan,1980,11.23,6.93,1245.0
1897,Tajikistan,1985,12.02,7.84,1492.0
1898,Tajikistan,1990,12.67,8.35,1798.0
1899,Tajikistan,1995,11.76,7.86,1937.0
1900,Tajikistan,2000,11.35,7.67,2114.0
1901,Tajikistan,2005,9.9,6.73,2253.0
1902,Tajikistan,2010,8.78,5.98,2610.0
1903,Tajikistan,2015,23.49,14.08,3482.0
1904,Viet Nam,1950,0.34,0.23,12351.0
1905,Viet Nam,1955,0.36,0.24,13044.0
1906,Viet Nam,1960,0.38,0.25,13923.0
1907,Viet Nam,1965,0.65,0.41,14504.0
1908,Viet Nam,1970,0.89,0.55,14946.0
1909,Viet Nam,1975,1.11,0.69,15741.0
1910,Viet Nam,1980,1.34,0.83,17313.0
1911,Viet Nam,1985,1.96,1.28,20086.0
1912,Viet Nam,1990,2.89,1.92,23672.0
1913,Viet Nam,1995,3.01,2.02,27754.0
1914,Viet Nam,2000,3.91,2.62,32178.0
1915,Viet Nam,2005,5.37,3.54,37322.0
1916,Viet Nam,2010,7.09,4.68,43018.0
1917,Viet Nam,2015,6.84,4.51,49522.0
1918,Croatia,1950,2.37,1.59,1799.0
1919,Croatia,1955,2.69,1.77,1917.0
1920,Croatia,1960,2.99,1.94,2030.0
1921,Croatia,1965,3.63,2.34,2079.0
1922,Croatia,1970,4.14,2.64,2097.0
1923,Croatia,1975,5.04,3.17,2171.0
1924,Croatia,1980,5.86,3.66,2275.0
1925,Croatia,1985,6.5,4.3,2439.0
1926,Croatia,1990,7.18,4.81,2470.0
1927,Croatia,1995,8.41,5.73,2541.0
1928,Croatia,2000,11.14,7.61,2418.0
1929,Croatia,2005,15.3,10.29,2462.0
1930,Croatia,2010,20.49,13.72,2539.0
1931,Croatia,2015,22.71,15.06,2316.0
1932,Estonia,1950,3.44,2.32,508.0
1933,Estonia,1955,4.67,3.05,561.0
1934,Estonia,1960,5.72,3.66,625.0
1935,Estonia,1965,7.47,4.77,670.0
1936,Estonia,1970,9.04,5.73,701.0
1937,Estonia,1975,10.93,6.88,725.0
1938,Estonia,1980,12.79,8.03,750.0
1939,Estonia,1985,14.28,9.46,791.0
1940,Estonia,1990,15.68,10.49,836.0
1941,Estonia,1995,22.19,15.06,753.0
1942,Estonia,2000,31.85,21.75,716.0
1943,Estonia,2005,31.9,21.75,697.0
1944,Estonia,2010,36.72,24.77,714.0
1945,Estonia,2015,38.09,25.37,721.0
1946,Latvia,1950,4.48,3.02,901.0
1947,Latvia,1955,5.51,3.62,972.0
1948,Latvia,1960,6.4,4.13,1090.0
1949,Latvia,1965,7.88,5.06,1178.0
1950,Latvia,1970,9.15,5.83,1239.0
1951,Latvia,1975,10.87,6.85,1258.0
1952,Latvia,1980,12.54,7.9,1285.0
1953,Latvia,1985,13.86,9.19,1360.0
1954,Latvia,1990,15.16,10.14,1437.0
1955,Latvia,1995,15.86,10.77,1300.0
1956,Latvia,2000,17.78,12.14,1249.0
1957,Latvia,2005,21.23,14.37,1219.0
1958,Latvia,2010,28.87,19.31,1223.0
1959,Latvia,2015,31.63,20.97,1094.0
1960,Lithuania,1950,2.16,1.45,1145.0
1961,Lithuania,1955,3.18,2.06,1214.0
1962,Lithuania,1960,4.1,2.61,1336.0
1963,Lithuania,1965,5.72,3.63,1439.0
1964,Lithuania,1970,7.15,4.51,1523.0
1965,Lithuania,1975,9.23,5.77,1570.0
1966,Lithuania,1980,11.15,6.97,1651.0
1967,Lithuania,1985,12.91,8.5,1788.0
1968,Lithuania,1990,14.72,9.78,1905.0
1969,Lithuania,1995,15.77,10.67,1871.0
1970,Lithuania,2000,18.27,12.46,1823.0
1971,Lithuania,2005,29.85,20.03,1787.0
1972,Lithuania,2010,34.3,22.92,1807.0
1973,Lithuania,2015,38.7,25.62,1580.0
1974,Republic of Moldova,1950,3.17,2.12,1055.0
1975,Republic of Moldova,1955,3.8,2.49,1199.0
1976,Republic of Moldova,1960,4.45,2.87,1368.0
1977,Republic of Moldova,1965,5.87,3.74,1538.0
1978,Republic of Moldova,1970,6.98,4.41,1628.0
1979,Republic of Moldova,1975,8.55,5.36,1718.0
1980,Republic of Moldova,1980,10.45,6.49,1880.0
1981,Republic of Moldova,1985,11.54,7.59,2062.0
1982,Republic of Moldova,1990,12.6,8.41,2152.0
1983,Republic of Moldova,1995,12.78,8.65,2109.0
1984,Republic of Moldova,2000,13.23,9.04,2041.0
1985,Republic of Moldova,2005,14.33,9.69,1923.0
1986,Republic of Moldova,2010,18.0,11.99,1941.0
1987,Republic of Moldova,2015,37.83,25.06,2444.0
1988,Serbia,1950,0.93,0.62,3091.0
1989,Serbia,1955,1.03,0.68,3495.0
1990,Serbia,1960,1.23,0.81,3893.0
1991,Serbia,1965,1.94,1.26,4095.0
1992,Serbia,1970,3.16,1.99,4187.0
1993,Serbia,1975,4.11,2.58,4446.0
1994,Serbia,1980,6.35,3.95,4821.0
1995,Serbia,1985,6.82,4.53,5192.0
1996,Serbia,1990,8.17,5.51,5328.0
1997,Serbia,1995,10.98,7.43,5456.0
1998,Serbia,2000,14.71,10.04,5446.0
1999,Serbia,2005,14.87,10.12,5527.0
2000,Serbia,2010,17.96,12.05,5741.0
2001,Serbia,2015,21.76,14.4,4839.0
2002,Slovenia,1950,1.7,1.13,696.0
2003,Slovenia,1955,1.86,1.23,738.0
2004,Slovenia,1960,1.58,1.03,778.0
2005,Slovenia,1965,2.74,1.78,799.0
2006,Slovenia,1970,4.44,2.84,812.0
2007,Slovenia,1975,5.62,3.56,856.0
2008,Slovenia,1980,8.09,5.07,911.0
2009,Slovenia,1985,9.07,6.03,987.0
2010,Slovenia,1990,11.81,7.88,1026.0
2011,Slovenia,1995,13.34,9.02,1065.0
2012,Slovenia,2000,17.13,11.59,1093.0
2013,Slovenia,2005,19.21,12.99,1127.0
2014,Slovenia,2010,25.13,16.86,1158.0
2015,Slovenia,2015,26.63,17.68,1192.0
2016,"China, Macao Special Administrative Region",1950,1.2,0.8,90.0
2017,"China, Macao Special Administrative Region",1955,1.21,0.81,81.0
2018,"China, Macao Special Administrative Region",1960,1.23,0.82,70.0
2019,"China, Macao Special Administrative Region",1965,1.35,0.88,75.0
2020,"China, Macao Special Administrative Region",1970,1.45,0.93,83.0
2021,"China, Macao Special Administrative Region",1975,2.65,1.66,93.0
2022,"China, Macao Special Administrative Region",1980,3.93,2.43,112.0
2023,"China, Macao Special Administrative Region",1985,5.06,3.29,148.0
2024,"China, Macao Special Administrative Region",1990,6.01,3.96,195.0
2025,"China, Macao Special Administrative Region",1995,7.35,4.88,223.0
2026,"China, Macao Special Administrative Region",2000,11.01,7.27,249.0
2027,"China, Macao Special Administrative Region",2005,13.14,8.65,270.0
2028,"China, Macao Special Administrative Region",2010,17.45,11.51,298.0
2029,"China, Macao Special Administrative Region",2015,28.68,18.52,395.0
2030,Ukraine,1950,2.96,1.95,17317.0
2031,Ukraine,1955,3.58,2.33,19819.0
2032,Ukraine,1960,4.49,2.9,21154.0
2033,Ukraine,1965,5.59,3.58,23566.0
2034,Ukraine,1970,6.3,4.03,24203.0
2035,Ukraine,1975,8.57,5.45,24671.0
2036,Ukraine,1980,12.22,7.7,25354.0
2037,Ukraine,1985,17.02,11.27,26884.0
2038,Ukraine,1990,23.52,15.73,27442.0
2039,Ukraine,1995,32.24,21.75,26684.0
2040,Ukraine,2000,42.39,28.88,26174.0
2041,Ukraine,2005,42.37,28.82,24739.0
2042,Ukraine,2010,43.36,29.39,24631.0
2043,Ukraine,2015,44.71,29.69,26122.0
